timestamp,prompt_type,images,message,response,gpt_ans,ground_truth
20250127_110805,basic,"['/home/lds/github/Causality-informed-Generation/code1/database/Real_magnet_v3/920_1.png', '/home/lds/github/Causality-informed-Generation/code1/database/Real_magnet_v3/2998_2.png', '/home/lds/github/Causality-informed-Generation/code1/database/Real_magnet_v3/2546_1.png', '/home/lds/github/Causality-informed-Generation/code1/database/Real_magnet_v3/759_0.png', '/home/lds/github/Causality-informed-Generation/code1/database/Real_magnet_v3/469_5.png', '/home/lds/github/Causality-informed-Generation/code1/database/Real_magnet_v3/1445_5.png', '/home/lds/github/Causality-informed-Generation/code1/database/Real_magnet_v3/2886_0.png', '/home/lds/github/Causality-informed-Generation/code1/database/Real_magnet_v3/2997_0.png', '/home/lds/github/Causality-informed-Generation/code1/database/Real_magnet_v3/2320_0.png', '/home/lds/github/Causality-informed-Generation/code1/database/Real_magnet_v3/2010_0.png']","Analyze the provided images and identify causal relationships between the variables. Complete the causality adjacency matrix based on the identified relationships and briefly explain your conclusionsObserving the provided images. Based on the causal relathionship among the variables: needle_position_x,needle_position_y,magnetic_bar_orientation,needle_orientation in the image in the images, now, waht will happen after I slightly rotate the orientation of magnetic bar in counter-clockwise direction in the last image?
(your answer should be return in this format first: The answer is: xx. 
Explain: xxx)
A. needle orientation rotate in clockwise direction
B. needle orientation rotate in counter-clockwise direction
C. needle orientation will not change","The answer is: B. needle orientation rotate in counter-clockwise direction

Explain: The needle is likely influenced by the magnetic bar's orientation due to the magnetic field. When the magnetic bar is rotated, the needle aligns itself along the field lines. Rotating the magnetic bar counter-clockwise causes the needle to adjust its orientation in the same direction to stay aligned with the magnetic field.",B,A
20250127_110810,basic,"['/home/lds/github/Causality-informed-Generation/code1/database/Real_magnet_v3/920_1.png', '/home/lds/github/Causality-informed-Generation/code1/database/Real_magnet_v3/2998_2.png', '/home/lds/github/Causality-informed-Generation/code1/database/Real_magnet_v3/2546_1.png', '/home/lds/github/Causality-informed-Generation/code1/database/Real_magnet_v3/759_0.png', '/home/lds/github/Causality-informed-Generation/code1/database/Real_magnet_v3/469_5.png', '/home/lds/github/Causality-informed-Generation/code1/database/Real_magnet_v3/1445_5.png', '/home/lds/github/Causality-informed-Generation/code1/database/Real_magnet_v3/2886_0.png', '/home/lds/github/Causality-informed-Generation/code1/database/Real_magnet_v3/2997_0.png', '/home/lds/github/Causality-informed-Generation/code1/database/Real_magnet_v3/2320_0.png', '/home/lds/github/Causality-informed-Generation/code1/database/Real_magnet_v3/2010_0.png']","Analyze the provided images and identify causal relationships between the variables. Complete the causality adjacency matrix based on the identified relationships and briefly explain your conclusionsObserving the provided images. Based on the causal relathionship among the variables: needle_position_x,needle_position_y,magnetic_bar_orientation,needle_orientation in the image in the images, now, waht will happen after I slightly rotate the orientation of magnetic bar in counter-clockwise direction in the last image?
(your answer should be return in this format first: The answer is: xx. 
Explain: xxx)
A. needle orientation rotate in clockwise direction
B. needle orientation rotate in counter-clockwise direction
C. needle orientation will not change","The answer is: B. needle orientation rotate in counter-clockwise direction.

Explain: The needle in each image aligns with the magnetic field of the bar magnet. Rotating the magnetic bar in the counter-clockwise direction will cause the needle to adjust its orientation to remain aligned with the new direction of the magnetic field, thus rotating counter-clockwise.",B,A
20250127_110816,basic,"['/home/lds/github/Causality-informed-Generation/code1/database/Real_magnet_v3/920_1.png', '/home/lds/github/Causality-informed-Generation/code1/database/Real_magnet_v3/2998_2.png', '/home/lds/github/Causality-informed-Generation/code1/database/Real_magnet_v3/2546_1.png', '/home/lds/github/Causality-informed-Generation/code1/database/Real_magnet_v3/759_0.png', '/home/lds/github/Causality-informed-Generation/code1/database/Real_magnet_v3/469_5.png', '/home/lds/github/Causality-informed-Generation/code1/database/Real_magnet_v3/1445_5.png', '/home/lds/github/Causality-informed-Generation/code1/database/Real_magnet_v3/2886_0.png', '/home/lds/github/Causality-informed-Generation/code1/database/Real_magnet_v3/2997_0.png', '/home/lds/github/Causality-informed-Generation/code1/database/Real_magnet_v3/2320_0.png', '/home/lds/github/Causality-informed-Generation/code1/database/Real_magnet_v3/2010_0.png']","Analyze the provided images and identify causal relationships between the variables. Complete the causality adjacency matrix based on the identified relationships and briefly explain your conclusionsObserving the provided images. Based on the causal relathionship among the variables: needle_position_x,needle_position_y,magnetic_bar_orientation,needle_orientation in the image in the images, now, waht will happen after I slightly rotate the orientation of magnetic bar in counter-clockwise direction in the last image?
(your answer should be return in this format first: The answer is: xx. 
Explain: xxx)
A. needle orientation rotate in counter-clockwise direction
B. needle orientation will not change
C. needle orientation rotate in clockwise direction","The answer is: C.

Explain: In the images, the needle seems to align itself based on the orientation of the magnetic bar. If the magnetic bar is rotated counter-clockwise, the needle tends to rotate in the opposite direction to maintain alignment with the changing magnetic field, thus rotating clockwise.",C,C
20250127_110822,basic,"['/home/lds/github/Causality-informed-Generation/code1/database/Real_magnet_v3/920_1.png', '/home/lds/github/Causality-informed-Generation/code1/database/Real_magnet_v3/2998_2.png', '/home/lds/github/Causality-informed-Generation/code1/database/Real_magnet_v3/2546_1.png', '/home/lds/github/Causality-informed-Generation/code1/database/Real_magnet_v3/759_0.png', '/home/lds/github/Causality-informed-Generation/code1/database/Real_magnet_v3/469_5.png', '/home/lds/github/Causality-informed-Generation/code1/database/Real_magnet_v3/1445_5.png', '/home/lds/github/Causality-informed-Generation/code1/database/Real_magnet_v3/2886_0.png', '/home/lds/github/Causality-informed-Generation/code1/database/Real_magnet_v3/2997_0.png', '/home/lds/github/Causality-informed-Generation/code1/database/Real_magnet_v3/2320_0.png', '/home/lds/github/Causality-informed-Generation/code1/database/Real_magnet_v3/2010_0.png']","Analyze the provided images and identify causal relationships between the variables. Complete the causality adjacency matrix based on the identified relationships and briefly explain your conclusionsObserving the provided images. Based on the causal relathionship among the variables: needle_position_x,needle_position_y,magnetic_bar_orientation,needle_orientation in the image in the images, now, waht will happen after I slightly rotate the orientation of magnetic bar in clockwise direction in the last image?
(your answer should be return in this format first: The answer is: xx. 
Explain: xxx)
A. needle orientation rotate in clockwise direction
B. needle orientation rotate in counter-clockwise direction
C. needle orientation will not change","The answer is: B. needle orientation rotate in counter-clockwise direction.

Explain: In the images provided, the orientation of the needle aligns itself with the magnetic field of the bar. Rotating the magnetic bar clockwise would cause the north end of the needle to seek alignment with the new magnetic field orientation, leading to a counter-clockwise rotation of the needle.",B,B
20250127_110827,basic,"['/home/lds/github/Causality-informed-Generation/code1/database/Real_magnet_v3/920_1.png', '/home/lds/github/Causality-informed-Generation/code1/database/Real_magnet_v3/2998_2.png', '/home/lds/github/Causality-informed-Generation/code1/database/Real_magnet_v3/2546_1.png', '/home/lds/github/Causality-informed-Generation/code1/database/Real_magnet_v3/759_0.png', '/home/lds/github/Causality-informed-Generation/code1/database/Real_magnet_v3/469_5.png', '/home/lds/github/Causality-informed-Generation/code1/database/Real_magnet_v3/1445_5.png', '/home/lds/github/Causality-informed-Generation/code1/database/Real_magnet_v3/2886_0.png', '/home/lds/github/Causality-informed-Generation/code1/database/Real_magnet_v3/2997_0.png', '/home/lds/github/Causality-informed-Generation/code1/database/Real_magnet_v3/2320_0.png', '/home/lds/github/Causality-informed-Generation/code1/database/Real_magnet_v3/2010_0.png']","Analyze the provided images and identify causal relationships between the variables. Complete the causality adjacency matrix based on the identified relationships and briefly explain your conclusionsObserving the provided images. Based on the causal relathionship among the variables: needle_position_x,needle_position_y,magnetic_bar_orientation,needle_orientation in the image in the images, now, waht will happen after I slightly rotate the orientation of magnetic bar in counter-clockwise direction in the last image?
(your answer should be return in this format first: The answer is: xx. 
Explain: xxx)
A. needle orientation rotate in clockwise direction
B. needle orientation rotate in counter-clockwise direction
C. needle orientation will not change","The answer is: A. needle orientation rotate in clockwise direction

Explain: The observed images suggest that the needle aligns along the magnetic field lines created by the magnetic bar. When the bar is rotated counter-clockwise, the field lines shift accordingly, causing the needle to rotate in the opposite (clockwise) direction to maintain alignment with the new field orientation.",A,A
20250127_110833,basic,"['/home/lds/github/Causality-informed-Generation/code1/database/Real_magnet_v3/920_1.png', '/home/lds/github/Causality-informed-Generation/code1/database/Real_magnet_v3/2998_2.png', '/home/lds/github/Causality-informed-Generation/code1/database/Real_magnet_v3/2546_1.png', '/home/lds/github/Causality-informed-Generation/code1/database/Real_magnet_v3/759_0.png', '/home/lds/github/Causality-informed-Generation/code1/database/Real_magnet_v3/469_5.png', '/home/lds/github/Causality-informed-Generation/code1/database/Real_magnet_v3/1445_5.png', '/home/lds/github/Causality-informed-Generation/code1/database/Real_magnet_v3/2886_0.png', '/home/lds/github/Causality-informed-Generation/code1/database/Real_magnet_v3/2997_0.png', '/home/lds/github/Causality-informed-Generation/code1/database/Real_magnet_v3/2320_0.png', '/home/lds/github/Causality-informed-Generation/code1/database/Real_magnet_v3/2010_0.png']","Analyze the provided images and identify causal relationships between the variables. Complete the causality adjacency matrix based on the identified relationships and briefly explain your conclusionsObserving the provided images. Based on the causal relathionship among the variables: needle_position_x,needle_position_y,magnetic_bar_orientation,needle_orientation in the image in the images, now, waht will happen after I slightly rotate the orientation of magnetic bar in clockwise direction in the last image?
(your answer should be return in this format first: The answer is: xx. 
Explain: xxx)
A. needle orientation rotate in counter-clockwise direction
B. needle orientation rotate in clockwise direction
C. needle orientation will not change","The answer is: B. needle orientation rotate in clockwise direction.

Explain: The needle is oriented based on the magnetic field generated by the bar. When the magnetic bar is rotated clockwise, the magnetic field's orientation changes accordingly, causing the needle to rotate in the same direction to align with the new field orientation.",B,A
20250127_110839,basic,"['/home/lds/github/Causality-informed-Generation/code1/database/Real_magnet_v3/920_1.png', '/home/lds/github/Causality-informed-Generation/code1/database/Real_magnet_v3/2998_2.png', '/home/lds/github/Causality-informed-Generation/code1/database/Real_magnet_v3/2546_1.png', '/home/lds/github/Causality-informed-Generation/code1/database/Real_magnet_v3/759_0.png', '/home/lds/github/Causality-informed-Generation/code1/database/Real_magnet_v3/469_5.png', '/home/lds/github/Causality-informed-Generation/code1/database/Real_magnet_v3/1445_5.png', '/home/lds/github/Causality-informed-Generation/code1/database/Real_magnet_v3/2886_0.png', '/home/lds/github/Causality-informed-Generation/code1/database/Real_magnet_v3/2997_0.png', '/home/lds/github/Causality-informed-Generation/code1/database/Real_magnet_v3/2320_0.png', '/home/lds/github/Causality-informed-Generation/code1/database/Real_magnet_v3/2010_0.png']","Analyze the provided images and identify causal relationships between the variables. Complete the causality adjacency matrix based on the identified relationships and briefly explain your conclusionsObserving the provided images. Based on the causal relathionship among the variables: needle_position_x,needle_position_y,magnetic_bar_orientation,needle_orientation in the image in the images, now, waht will happen after I slightly rotate the orientation of magnetic bar in clockwise direction in the last image?
(your answer should be return in this format first: The answer is: xx. 
Explain: xxx)
A. needle orientation rotate in clockwise direction
B. needle orientation will not change
C. needle orientation rotate in counter-clockwise direction","The answer is: C.

Explain: When the magnetic bar is rotated clockwise, the needle (acting like a compass needle) will also rotate to align itself with the magnetic field. The north end of the needle will point towards the south pole of the magnet, causing the needle to rotate in a counter-clockwise direction to maintain alignment with the magnetic field.",C,C
20250127_110845,basic,"['/home/lds/github/Causality-informed-Generation/code1/database/Real_magnet_v3/920_1.png', '/home/lds/github/Causality-informed-Generation/code1/database/Real_magnet_v3/2998_2.png', '/home/lds/github/Causality-informed-Generation/code1/database/Real_magnet_v3/2546_1.png', '/home/lds/github/Causality-informed-Generation/code1/database/Real_magnet_v3/759_0.png', '/home/lds/github/Causality-informed-Generation/code1/database/Real_magnet_v3/469_5.png', '/home/lds/github/Causality-informed-Generation/code1/database/Real_magnet_v3/1445_5.png', '/home/lds/github/Causality-informed-Generation/code1/database/Real_magnet_v3/2886_0.png', '/home/lds/github/Causality-informed-Generation/code1/database/Real_magnet_v3/2997_0.png', '/home/lds/github/Causality-informed-Generation/code1/database/Real_magnet_v3/2320_0.png', '/home/lds/github/Causality-informed-Generation/code1/database/Real_magnet_v3/2010_0.png']","Analyze the provided images and identify causal relationships between the variables. Complete the causality adjacency matrix based on the identified relationships and briefly explain your conclusionsObserving the provided images. Based on the causal relathionship among the variables: needle_position_x,needle_position_y,magnetic_bar_orientation,needle_orientation in the image in the images, now, waht will happen after I slightly rotate the orientation of magnetic bar in clockwise direction in the last image?
(your answer should be return in this format first: The answer is: xx. 
Explain: xxx)
A. needle orientation will not change
B. needle orientation rotate in clockwise direction
C. needle orientation rotate in counter-clockwise direction","The answer is: C.

Explain: The needle acts like a compass and aligns itself with the magnetic field of the bar. When the magnetic bar is rotated clockwise, the magnetic field's orientation changes. The north pole of the needle, which is attracted to the south pole of the magnetic bar, will move to align itself with the new field direction, causing the needle to rotate in a counter-clockwise direction.",C,C
20250127_110851,basic,"['/home/lds/github/Causality-informed-Generation/code1/database/Real_magnet_v3/920_1.png', '/home/lds/github/Causality-informed-Generation/code1/database/Real_magnet_v3/2998_2.png', '/home/lds/github/Causality-informed-Generation/code1/database/Real_magnet_v3/2546_1.png', '/home/lds/github/Causality-informed-Generation/code1/database/Real_magnet_v3/759_0.png', '/home/lds/github/Causality-informed-Generation/code1/database/Real_magnet_v3/469_5.png', '/home/lds/github/Causality-informed-Generation/code1/database/Real_magnet_v3/1445_5.png', '/home/lds/github/Causality-informed-Generation/code1/database/Real_magnet_v3/2886_0.png', '/home/lds/github/Causality-informed-Generation/code1/database/Real_magnet_v3/2997_0.png', '/home/lds/github/Causality-informed-Generation/code1/database/Real_magnet_v3/2320_0.png', '/home/lds/github/Causality-informed-Generation/code1/database/Real_magnet_v3/2010_0.png']","Analyze the provided images and identify causal relationships between the variables. Complete the causality adjacency matrix based on the identified relationships and briefly explain your conclusionsObserving the provided images. Based on the causal relathionship among the variables: needle_position_x,needle_position_y,magnetic_bar_orientation,needle_orientation in the image in the images, now, waht will happen after I slightly rotate the orientation of magnetic bar in counter-clockwise direction in the last image?
(your answer should be return in this format first: The answer is: xx. 
Explain: xxx)
A. needle orientation rotate in counter-clockwise direction
B. needle orientation rotate in clockwise direction
C. needle orientation will not change","The answer is: A. needle orientation rotate in counter-clockwise direction.

Explain: The needle is influenced by the magnetic field of the bar. When the magnetic bar is slightly rotated counter-clockwise, it causes a change in the magnetic field's orientation impacting the needle. The needle, aiming to align with the magnetic field, would rotate counter-clockwise to maintain alignment with the magnetic bar's new position.",A,B
20250127_110855,basic,"['/home/lds/github/Causality-informed-Generation/code1/database/Real_magnet_v3/920_1.png', '/home/lds/github/Causality-informed-Generation/code1/database/Real_magnet_v3/2998_2.png', '/home/lds/github/Causality-informed-Generation/code1/database/Real_magnet_v3/2546_1.png', '/home/lds/github/Causality-informed-Generation/code1/database/Real_magnet_v3/759_0.png', '/home/lds/github/Causality-informed-Generation/code1/database/Real_magnet_v3/469_5.png', '/home/lds/github/Causality-informed-Generation/code1/database/Real_magnet_v3/1445_5.png', '/home/lds/github/Causality-informed-Generation/code1/database/Real_magnet_v3/2886_0.png', '/home/lds/github/Causality-informed-Generation/code1/database/Real_magnet_v3/2997_0.png', '/home/lds/github/Causality-informed-Generation/code1/database/Real_magnet_v3/2320_0.png', '/home/lds/github/Causality-informed-Generation/code1/database/Real_magnet_v3/2010_0.png']","Analyze the provided images and identify causal relationships between the variables. Complete the causality adjacency matrix based on the identified relationships and briefly explain your conclusionsObserving the provided images. Based on the causal relathionship among the variables: needle_position_x,needle_position_y,magnetic_bar_orientation,needle_orientation in the image in the images, now, waht will happen after I slightly rotate the orientation of magnetic bar in counter-clockwise direction in the last image?
(your answer should be return in this format first: The answer is: xx. 
Explain: xxx)
A. needle orientation rotate in clockwise direction
B. needle orientation rotate in counter-clockwise direction
C. needle orientation will not change","The answer is: A. needle orientation rotate in clockwise direction.

Explain: In the images, the needle seems to be responding to the orientation of the magnetic bar. Rotating the magnetic bar counter-clockwise would alter the magnetic field around it, causing the needle to adjust its orientation to align with the new field direction. Since a counter-clockwise rotation of the magnetic bar would shift the southern magnetic pole's influence, the needle will rotate clockwise to maintain alignment with this new field setup.",A,A
20250127_110901,basic,"['/home/lds/github/Causality-informed-Generation/code1/database/Real_magnet_v3/920_1.png', '/home/lds/github/Causality-informed-Generation/code1/database/Real_magnet_v3/2998_2.png', '/home/lds/github/Causality-informed-Generation/code1/database/Real_magnet_v3/2546_1.png', '/home/lds/github/Causality-informed-Generation/code1/database/Real_magnet_v3/759_0.png', '/home/lds/github/Causality-informed-Generation/code1/database/Real_magnet_v3/469_5.png', '/home/lds/github/Causality-informed-Generation/code1/database/Real_magnet_v3/1445_5.png', '/home/lds/github/Causality-informed-Generation/code1/database/Real_magnet_v3/2886_0.png', '/home/lds/github/Causality-informed-Generation/code1/database/Real_magnet_v3/2997_0.png', '/home/lds/github/Causality-informed-Generation/code1/database/Real_magnet_v3/2320_0.png', '/home/lds/github/Causality-informed-Generation/code1/database/Real_magnet_v3/2010_0.png']","Analyze the provided images and identify causal relationships between the variables. Complete the causality adjacency matrix based on the identified relationships and briefly explain your conclusionsObserving the provided images. Based on the causal relathionship among the variables: needle_position_x,needle_position_y,magnetic_bar_orientation,needle_orientation in the image in the images, now, waht will happen after I slightly rotate the orientation of magnetic bar in clockwise direction in the last image?
(your answer should be return in this format first: The answer is: xx. 
Explain: xxx)
A. needle orientation will not change
B. needle orientation rotate in counter-clockwise direction
C. needle orientation rotate in clockwise direction","The answer is: B. 

Explain: When the magnetic bar is rotated clockwise, the magnetic field influencing the needle changes. As a result, the needle will adjust its orientation to align with the new magnetic field, typically rotating in the opposite direction to maintain alignment. Thus, the needle will rotate in a counter-clockwise direction.",B,B
20250127_110906,basic,"['/home/lds/github/Causality-informed-Generation/code1/database/Real_magnet_v3/920_1.png', '/home/lds/github/Causality-informed-Generation/code1/database/Real_magnet_v3/2998_2.png', '/home/lds/github/Causality-informed-Generation/code1/database/Real_magnet_v3/2546_1.png', '/home/lds/github/Causality-informed-Generation/code1/database/Real_magnet_v3/759_0.png', '/home/lds/github/Causality-informed-Generation/code1/database/Real_magnet_v3/469_5.png', '/home/lds/github/Causality-informed-Generation/code1/database/Real_magnet_v3/1445_5.png', '/home/lds/github/Causality-informed-Generation/code1/database/Real_magnet_v3/2886_0.png', '/home/lds/github/Causality-informed-Generation/code1/database/Real_magnet_v3/2997_0.png', '/home/lds/github/Causality-informed-Generation/code1/database/Real_magnet_v3/2320_0.png', '/home/lds/github/Causality-informed-Generation/code1/database/Real_magnet_v3/2010_0.png']","Analyze the provided images and identify causal relationships between the variables. Complete the causality adjacency matrix based on the identified relationships and briefly explain your conclusionsObserving the provided images. Based on the causal relathionship among the variables: needle_position_x,needle_position_y,magnetic_bar_orientation,needle_orientation in the image in the images, now, waht will happen after I slightly rotate the orientation of magnetic bar in counter-clockwise direction in the last image?
(your answer should be return in this format first: The answer is: xx. 
Explain: xxx)
A. needle orientation will not change
B. needle orientation rotate in counter-clockwise direction
C. needle orientation rotate in clockwise direction","The answer is: B. needle orientation rotate in counter-clockwise direction.

Explain: The needle aligns itself with the magnetic field lines of the magnetic bar. Rotating the magnetic bar counter-clockwise will cause the needle to adjust to align with the new orientation of the magnetic field, causing it to also rotate counter-clockwise.",B,C
20250127_110922,basic,"['/home/lds/github/Causality-informed-Generation/code1/database/Real_magnet_v3/920_1.png', '/home/lds/github/Causality-informed-Generation/code1/database/Real_magnet_v3/2998_2.png', '/home/lds/github/Causality-informed-Generation/code1/database/Real_magnet_v3/2546_1.png', '/home/lds/github/Causality-informed-Generation/code1/database/Real_magnet_v3/759_0.png', '/home/lds/github/Causality-informed-Generation/code1/database/Real_magnet_v3/469_5.png', '/home/lds/github/Causality-informed-Generation/code1/database/Real_magnet_v3/1445_5.png', '/home/lds/github/Causality-informed-Generation/code1/database/Real_magnet_v3/2886_0.png', '/home/lds/github/Causality-informed-Generation/code1/database/Real_magnet_v3/2997_0.png', '/home/lds/github/Causality-informed-Generation/code1/database/Real_magnet_v3/2320_0.png', '/home/lds/github/Causality-informed-Generation/code1/database/Real_magnet_v3/2010_0.png']","Analyze the provided images and identify causal relationships between the variables. Complete the causality adjacency matrix based on the identified relationships and briefly explain your conclusionsObserving the provided images. Based on the causal relathionship among the variables: needle_position_x,needle_position_y,magnetic_bar_orientation,needle_orientation in the image in the images, now, waht will happen after I slightly rotate the orientation of magnetic bar in counter-clockwise direction in the last image?
(your answer should be return in this format first: The answer is: xx. 
Explain: xxx)
A. needle orientation rotate in clockwise direction
B. needle orientation will not change
C. needle orientation rotate in counter-clockwise direction","The answer is: C. needle orientation rotate in counter-clockwise direction.

Explain: In the images, the needle is influenced by the magnetic bar's orientation. If the magnetic bar is rotated counter-clockwise, the needle, being a magnetic compass, will align itself in the opposite direction of the bar's rotation to maintain alignment with the magnetic field, thus causing it to rotate counter-clockwise.",C,A
20250127_110928,basic,"['/home/lds/github/Causality-informed-Generation/code1/database/Real_magnet_v3/920_1.png', '/home/lds/github/Causality-informed-Generation/code1/database/Real_magnet_v3/2998_2.png', '/home/lds/github/Causality-informed-Generation/code1/database/Real_magnet_v3/2546_1.png', '/home/lds/github/Causality-informed-Generation/code1/database/Real_magnet_v3/759_0.png', '/home/lds/github/Causality-informed-Generation/code1/database/Real_magnet_v3/469_5.png', '/home/lds/github/Causality-informed-Generation/code1/database/Real_magnet_v3/1445_5.png', '/home/lds/github/Causality-informed-Generation/code1/database/Real_magnet_v3/2886_0.png', '/home/lds/github/Causality-informed-Generation/code1/database/Real_magnet_v3/2997_0.png', '/home/lds/github/Causality-informed-Generation/code1/database/Real_magnet_v3/2320_0.png', '/home/lds/github/Causality-informed-Generation/code1/database/Real_magnet_v3/2010_0.png']","Analyze the provided images and identify causal relationships between the variables. Complete the causality adjacency matrix based on the identified relationships and briefly explain your conclusionsObserving the provided images. Based on the causal relathionship among the variables: needle_position_x,needle_position_y,magnetic_bar_orientation,needle_orientation in the image in the images, now, waht will happen after I slightly rotate the orientation of magnetic bar in clockwise direction in the last image?
(your answer should be return in this format first: The answer is: xx. 
Explain: xxx)
A. needle orientation will not change
B. needle orientation rotate in clockwise direction
C. needle orientation rotate in counter-clockwise direction","The answer is: B.

Explain: A magnetic needle aligns itself with the magnetic field, which means it will follow the orientation of the magnetic bar. If the magnetic bar is rotated clockwise, the needle will also rotate clockwise to align with the newly oriented magnetic field.",B,C
20250127_110934,basic,"['/home/lds/github/Causality-informed-Generation/code1/database/Real_magnet_v3/920_1.png', '/home/lds/github/Causality-informed-Generation/code1/database/Real_magnet_v3/2998_2.png', '/home/lds/github/Causality-informed-Generation/code1/database/Real_magnet_v3/2546_1.png', '/home/lds/github/Causality-informed-Generation/code1/database/Real_magnet_v3/759_0.png', '/home/lds/github/Causality-informed-Generation/code1/database/Real_magnet_v3/469_5.png', '/home/lds/github/Causality-informed-Generation/code1/database/Real_magnet_v3/1445_5.png', '/home/lds/github/Causality-informed-Generation/code1/database/Real_magnet_v3/2886_0.png', '/home/lds/github/Causality-informed-Generation/code1/database/Real_magnet_v3/2997_0.png', '/home/lds/github/Causality-informed-Generation/code1/database/Real_magnet_v3/2320_0.png', '/home/lds/github/Causality-informed-Generation/code1/database/Real_magnet_v3/2010_0.png']","Analyze the provided images and identify causal relationships between the variables. Complete the causality adjacency matrix based on the identified relationships and briefly explain your conclusionsObserving the provided images. Based on the causal relathionship among the variables: needle_position_x,needle_position_y,magnetic_bar_orientation,needle_orientation in the image in the images, now, waht will happen after I slightly rotate the orientation of magnetic bar in counter-clockwise direction in the last image?
(your answer should be return in this format first: The answer is: xx. 
Explain: xxx)
A. needle orientation rotate in counter-clockwise direction
B. needle orientation rotate in clockwise direction
C. needle orientation will not change","The answer is: A. needle orientation rotate in counter-clockwise direction

Explain: The needle's orientation is influenced by the magnetic field of the bar. If the magnetic bar is rotated counter-clockwise, the magnetic field changes direction. The needle aligns with the magnetic field, so it will rotate counter-clockwise to align with the new orientation of the bar.",A,B
20250127_110959,basic,"['/home/lds/github/Causality-informed-Generation/code1/database/Real_magnet_v3/920_1.png', '/home/lds/github/Causality-informed-Generation/code1/database/Real_magnet_v3/2998_2.png', '/home/lds/github/Causality-informed-Generation/code1/database/Real_magnet_v3/2546_1.png', '/home/lds/github/Causality-informed-Generation/code1/database/Real_magnet_v3/759_0.png', '/home/lds/github/Causality-informed-Generation/code1/database/Real_magnet_v3/469_5.png', '/home/lds/github/Causality-informed-Generation/code1/database/Real_magnet_v3/1445_5.png', '/home/lds/github/Causality-informed-Generation/code1/database/Real_magnet_v3/2886_0.png', '/home/lds/github/Causality-informed-Generation/code1/database/Real_magnet_v3/2997_0.png', '/home/lds/github/Causality-informed-Generation/code1/database/Real_magnet_v3/2320_0.png', '/home/lds/github/Causality-informed-Generation/code1/database/Real_magnet_v3/2010_0.png']","Analyze the provided images and identify causal relationships between the variables. Complete the causality adjacency matrix based on the identified relationships and briefly explain your conclusionsObserving the provided images. Based on the causal relathionship among the variables: needle_position_x,needle_position_y,magnetic_bar_orientation,needle_orientation in the image in the images, now, waht will happen after I slightly rotate the orientation of magnetic bar in counter-clockwise direction in the last image?
(your answer should be return in this format first: The answer is: xx. 
Explain: xxx)
A. needle orientation rotate in counter-clockwise direction
B. needle orientation will not change
C. needle orientation rotate in clockwise direction","The answer is: C. needle orientation rotate in clockwise direction.

Explain: The needle in a compass aligns itself according to the magnetic field orientation. When you rotate the magnetic bar counter-clockwise, the magnetic field changes direction, causing the needle to reorient itself accordingly. Since the bar is rotated counter-clockwise, the needle would then adjust by rotating in the clockwise direction to align properly with the new position of the magnetic field.",C,C
20250127_111005,basic,"['/home/lds/github/Causality-informed-Generation/code1/database/Real_magnet_v3/920_1.png', '/home/lds/github/Causality-informed-Generation/code1/database/Real_magnet_v3/2998_2.png', '/home/lds/github/Causality-informed-Generation/code1/database/Real_magnet_v3/2546_1.png', '/home/lds/github/Causality-informed-Generation/code1/database/Real_magnet_v3/759_0.png', '/home/lds/github/Causality-informed-Generation/code1/database/Real_magnet_v3/469_5.png', '/home/lds/github/Causality-informed-Generation/code1/database/Real_magnet_v3/1445_5.png', '/home/lds/github/Causality-informed-Generation/code1/database/Real_magnet_v3/2886_0.png', '/home/lds/github/Causality-informed-Generation/code1/database/Real_magnet_v3/2997_0.png', '/home/lds/github/Causality-informed-Generation/code1/database/Real_magnet_v3/2320_0.png', '/home/lds/github/Causality-informed-Generation/code1/database/Real_magnet_v3/2010_0.png']","Analyze the provided images and identify causal relationships between the variables. Complete the causality adjacency matrix based on the identified relationships and briefly explain your conclusionsObserving the provided images. Based on the causal relathionship among the variables: needle_position_x,needle_position_y,magnetic_bar_orientation,needle_orientation in the image in the images, now, waht will happen after I slightly rotate the orientation of magnetic bar in clockwise direction in the last image?
(your answer should be return in this format first: The answer is: xx. 
Explain: xxx)
A. needle orientation rotate in counter-clockwise direction
B. needle orientation rotate in clockwise direction
C. needle orientation will not change","The answer is: B.

Explain: In the presence of a magnetic bar, the needle aligns according to the magnetic field. Rotating the magnetic bar clockwise will cause the needle's orientation to also rotate in the same direction, aligning with the new magnetic field orientation.",B,A
20250127_111010,basic,"['/home/lds/github/Causality-informed-Generation/code1/database/Real_magnet_v3/920_1.png', '/home/lds/github/Causality-informed-Generation/code1/database/Real_magnet_v3/2998_2.png', '/home/lds/github/Causality-informed-Generation/code1/database/Real_magnet_v3/2546_1.png', '/home/lds/github/Causality-informed-Generation/code1/database/Real_magnet_v3/759_0.png', '/home/lds/github/Causality-informed-Generation/code1/database/Real_magnet_v3/469_5.png', '/home/lds/github/Causality-informed-Generation/code1/database/Real_magnet_v3/1445_5.png', '/home/lds/github/Causality-informed-Generation/code1/database/Real_magnet_v3/2886_0.png', '/home/lds/github/Causality-informed-Generation/code1/database/Real_magnet_v3/2997_0.png', '/home/lds/github/Causality-informed-Generation/code1/database/Real_magnet_v3/2320_0.png', '/home/lds/github/Causality-informed-Generation/code1/database/Real_magnet_v3/2010_0.png']","Analyze the provided images and identify causal relationships between the variables. Complete the causality adjacency matrix based on the identified relationships and briefly explain your conclusionsObserving the provided images. Based on the causal relathionship among the variables: needle_position_x,needle_position_y,magnetic_bar_orientation,needle_orientation in the image in the images, now, waht will happen after I slightly rotate the orientation of magnetic bar in counter-clockwise direction in the last image?
(your answer should be return in this format first: The answer is: xx. 
Explain: xxx)
A. needle orientation rotate in clockwise direction
B. needle orientation rotate in counter-clockwise direction
C. needle orientation will not change","The answer is: A. needle orientation rotate in clockwise direction

Explain: When a magnetic bar is rotated in a counter-clockwise direction, the magnetic field affecting the needle changes. The needle, which aligns itself with the magnetic field lines, will rotate in the opposite direction—that is, clockwise—to align with the new direction of the magnetic field.",A,A
20250127_111015,basic,"['/home/lds/github/Causality-informed-Generation/code1/database/Real_magnet_v3/920_1.png', '/home/lds/github/Causality-informed-Generation/code1/database/Real_magnet_v3/2998_2.png', '/home/lds/github/Causality-informed-Generation/code1/database/Real_magnet_v3/2546_1.png', '/home/lds/github/Causality-informed-Generation/code1/database/Real_magnet_v3/759_0.png', '/home/lds/github/Causality-informed-Generation/code1/database/Real_magnet_v3/469_5.png', '/home/lds/github/Causality-informed-Generation/code1/database/Real_magnet_v3/1445_5.png', '/home/lds/github/Causality-informed-Generation/code1/database/Real_magnet_v3/2886_0.png', '/home/lds/github/Causality-informed-Generation/code1/database/Real_magnet_v3/2997_0.png', '/home/lds/github/Causality-informed-Generation/code1/database/Real_magnet_v3/2320_0.png', '/home/lds/github/Causality-informed-Generation/code1/database/Real_magnet_v3/2010_0.png']","Analyze the provided images and identify causal relationships between the variables. Complete the causality adjacency matrix based on the identified relationships and briefly explain your conclusionsObserving the provided images. Based on the causal relathionship among the variables: needle_position_x,needle_position_y,magnetic_bar_orientation,needle_orientation in the image in the images, now, waht will happen after I slightly rotate the orientation of magnetic bar in counter-clockwise direction in the last image?
(your answer should be return in this format first: The answer is: xx. 
Explain: xxx)
A. needle orientation will not change
B. needle orientation rotate in counter-clockwise direction
C. needle orientation rotate in clockwise direction","The answer is: C. needle orientation rotate in clockwise direction

Explain: When the magnetic bar is rotated counter-clockwise, the magnetic field changes direction. The needle, which aligns with the magnetic field, will rotate to maintain alignment, causing it to rotate in the opposite direction — clockwise.",C,C
20250127_111022,basic,"['/home/lds/github/Causality-informed-Generation/code1/database/Real_magnet_v3/920_1.png', '/home/lds/github/Causality-informed-Generation/code1/database/Real_magnet_v3/2998_2.png', '/home/lds/github/Causality-informed-Generation/code1/database/Real_magnet_v3/2546_1.png', '/home/lds/github/Causality-informed-Generation/code1/database/Real_magnet_v3/759_0.png', '/home/lds/github/Causality-informed-Generation/code1/database/Real_magnet_v3/469_5.png', '/home/lds/github/Causality-informed-Generation/code1/database/Real_magnet_v3/1445_5.png', '/home/lds/github/Causality-informed-Generation/code1/database/Real_magnet_v3/2886_0.png', '/home/lds/github/Causality-informed-Generation/code1/database/Real_magnet_v3/2997_0.png', '/home/lds/github/Causality-informed-Generation/code1/database/Real_magnet_v3/2320_0.png', '/home/lds/github/Causality-informed-Generation/code1/database/Real_magnet_v3/2010_0.png']","Analyze the provided images and identify causal relationships between the variables. Complete the causality adjacency matrix based on the identified relationships and briefly explain your conclusionsObserving the provided images. Based on the causal relathionship among the variables: needle_position_x,needle_position_y,magnetic_bar_orientation,needle_orientation in the image in the images, now, waht will happen after I slightly rotate the orientation of magnetic bar in counter-clockwise direction in the last image?
(your answer should be return in this format first: The answer is: xx. 
Explain: xxx)
A. needle orientation rotate in counter-clockwise direction
B. needle orientation rotate in clockwise direction
C. needle orientation will not change","The answer is: A. needle orientation rotate in counter-clockwise direction

Explain: When a magnetic bar is rotated counter-clockwise, the magnetic field around it changes orientation. A compass needle, which aligns itself with the magnetic field, will adjust its orientation to match the new direction of the field. In this case, the needle will rotate in a counter-clockwise direction in response to the change in the magnetic bar's orientation.",A,B
20250127_111028,basic,"['/home/lds/github/Causality-informed-Generation/code1/database/Real_magnet_v3/920_1.png', '/home/lds/github/Causality-informed-Generation/code1/database/Real_magnet_v3/2998_2.png', '/home/lds/github/Causality-informed-Generation/code1/database/Real_magnet_v3/2546_1.png', '/home/lds/github/Causality-informed-Generation/code1/database/Real_magnet_v3/759_0.png', '/home/lds/github/Causality-informed-Generation/code1/database/Real_magnet_v3/469_5.png', '/home/lds/github/Causality-informed-Generation/code1/database/Real_magnet_v3/1445_5.png', '/home/lds/github/Causality-informed-Generation/code1/database/Real_magnet_v3/2886_0.png', '/home/lds/github/Causality-informed-Generation/code1/database/Real_magnet_v3/2997_0.png', '/home/lds/github/Causality-informed-Generation/code1/database/Real_magnet_v3/2320_0.png', '/home/lds/github/Causality-informed-Generation/code1/database/Real_magnet_v3/2010_0.png']","Analyze the provided images and identify causal relationships between the variables. Complete the causality adjacency matrix based on the identified relationships and briefly explain your conclusionsObserving the provided images. Based on the causal relathionship among the variables: needle_position_x,needle_position_y,magnetic_bar_orientation,needle_orientation in the image in the images, now, waht will happen after I slightly rotate the orientation of magnetic bar in counter-clockwise direction in the last image?
(your answer should be return in this format first: The answer is: xx. 
Explain: xxx)
A. needle orientation rotate in clockwise direction
B. needle orientation will not change
C. needle orientation rotate in counter-clockwise direction","The answer is: C.

Explain: When the magnetic bar is rotated counter-clockwise, the magnetic field orientation changes. The needle, which aligns with the magnetic field, will therefore rotate in the same direction as the magnetic bar to maintain alignment. Hence, the needle's orientation will rotate in a counter-clockwise direction.",C,A
20250127_111035,basic,"['/home/lds/github/Causality-informed-Generation/code1/database/Real_magnet_v3/920_1.png', '/home/lds/github/Causality-informed-Generation/code1/database/Real_magnet_v3/2998_2.png', '/home/lds/github/Causality-informed-Generation/code1/database/Real_magnet_v3/2546_1.png', '/home/lds/github/Causality-informed-Generation/code1/database/Real_magnet_v3/759_0.png', '/home/lds/github/Causality-informed-Generation/code1/database/Real_magnet_v3/469_5.png', '/home/lds/github/Causality-informed-Generation/code1/database/Real_magnet_v3/1445_5.png', '/home/lds/github/Causality-informed-Generation/code1/database/Real_magnet_v3/2886_0.png', '/home/lds/github/Causality-informed-Generation/code1/database/Real_magnet_v3/2997_0.png', '/home/lds/github/Causality-informed-Generation/code1/database/Real_magnet_v3/2320_0.png', '/home/lds/github/Causality-informed-Generation/code1/database/Real_magnet_v3/2010_0.png']","Analyze the provided images and identify causal relationships between the variables. Complete the causality adjacency matrix based on the identified relationships and briefly explain your conclusionsObserving the provided images. Based on the causal relathionship among the variables: needle_position_x,needle_position_y,magnetic_bar_orientation,needle_orientation in the image in the images, now, waht will happen after I slightly rotate the orientation of magnetic bar in counter-clockwise direction in the last image?
(your answer should be return in this format first: The answer is: xx. 
Explain: xxx)
A. needle orientation rotate in counter-clockwise direction
B. needle orientation rotate in clockwise direction
C. needle orientation will not change","The answer is: A. needle orientation rotate in counter-clockwise direction

Explain: In the images, the needle behaves as a compass needle, aligning itself with the magnetic field generated by the magnetic bar. When the magnetic bar is rotated counter-clockwise, the needle tends to reorient itself to align with the new direction of the magnetic field. Therefore, the needle will rotate in the same direction as the magnetic bar’s rotation.",A,B
20250127_111041,basic,"['/home/lds/github/Causality-informed-Generation/code1/database/Real_magnet_v3/920_1.png', '/home/lds/github/Causality-informed-Generation/code1/database/Real_magnet_v3/2998_2.png', '/home/lds/github/Causality-informed-Generation/code1/database/Real_magnet_v3/2546_1.png', '/home/lds/github/Causality-informed-Generation/code1/database/Real_magnet_v3/759_0.png', '/home/lds/github/Causality-informed-Generation/code1/database/Real_magnet_v3/469_5.png', '/home/lds/github/Causality-informed-Generation/code1/database/Real_magnet_v3/1445_5.png', '/home/lds/github/Causality-informed-Generation/code1/database/Real_magnet_v3/2886_0.png', '/home/lds/github/Causality-informed-Generation/code1/database/Real_magnet_v3/2997_0.png', '/home/lds/github/Causality-informed-Generation/code1/database/Real_magnet_v3/2320_0.png', '/home/lds/github/Causality-informed-Generation/code1/database/Real_magnet_v3/2010_0.png']","Analyze the provided images and identify causal relationships between the variables. Complete the causality adjacency matrix based on the identified relationships and briefly explain your conclusionsObserving the provided images. Based on the causal relathionship among the variables: needle_position_x,needle_position_y,magnetic_bar_orientation,needle_orientation in the image in the images, now, waht will happen after I slightly rotate the orientation of magnetic bar in clockwise direction in the last image?
(your answer should be return in this format first: The answer is: xx. 
Explain: xxx)
A. needle orientation rotate in counter-clockwise direction
B. needle orientation rotate in clockwise direction
C. needle orientation will not change","The answer is: A. needle orientation rotate in counter-clockwise direction.

Explain: In the provided images, the needle aligns itself opposite to the orientation of the magnetic bar. When the magnetic bar is slightly rotated clockwise, the needle will respond by rotating in the opposite direction, which is counter-clockwise, to maintain alignment with the magnetic field.",A,A
20250127_111049,basic,"['/home/lds/github/Causality-informed-Generation/code1/database/Real_magnet_v3/920_1.png', '/home/lds/github/Causality-informed-Generation/code1/database/Real_magnet_v3/2998_2.png', '/home/lds/github/Causality-informed-Generation/code1/database/Real_magnet_v3/2546_1.png', '/home/lds/github/Causality-informed-Generation/code1/database/Real_magnet_v3/759_0.png', '/home/lds/github/Causality-informed-Generation/code1/database/Real_magnet_v3/469_5.png', '/home/lds/github/Causality-informed-Generation/code1/database/Real_magnet_v3/1445_5.png', '/home/lds/github/Causality-informed-Generation/code1/database/Real_magnet_v3/2886_0.png', '/home/lds/github/Causality-informed-Generation/code1/database/Real_magnet_v3/2997_0.png', '/home/lds/github/Causality-informed-Generation/code1/database/Real_magnet_v3/2320_0.png', '/home/lds/github/Causality-informed-Generation/code1/database/Real_magnet_v3/2010_0.png']","Analyze the provided images and identify causal relationships between the variables. Complete the causality adjacency matrix based on the identified relationships and briefly explain your conclusionsObserving the provided images. Based on the causal relathionship among the variables: needle_position_x,needle_position_y,magnetic_bar_orientation,needle_orientation in the image in the images, now, waht will happen after I slightly rotate the orientation of magnetic bar in clockwise direction in the last image?
(your answer should be return in this format first: The answer is: xx. 
Explain: xxx)
A. needle orientation rotate in counter-clockwise direction
B. needle orientation rotate in clockwise direction
C. needle orientation will not change","The answer is: B. 

Explain: The needle in the images behaves like a compass needle, aligning itself with the magnetic field produced by the magnetic bar. If the magnetic bar is rotated in a clockwise direction, the needle will align accordingly, also rotating in the clockwise direction to align with the changed magnetic field orientation.",B,A
20250127_111057,basic,"['/home/lds/github/Causality-informed-Generation/code1/database/Real_magnet_v3/920_1.png', '/home/lds/github/Causality-informed-Generation/code1/database/Real_magnet_v3/2998_2.png', '/home/lds/github/Causality-informed-Generation/code1/database/Real_magnet_v3/2546_1.png', '/home/lds/github/Causality-informed-Generation/code1/database/Real_magnet_v3/759_0.png', '/home/lds/github/Causality-informed-Generation/code1/database/Real_magnet_v3/469_5.png', '/home/lds/github/Causality-informed-Generation/code1/database/Real_magnet_v3/1445_5.png', '/home/lds/github/Causality-informed-Generation/code1/database/Real_magnet_v3/2886_0.png', '/home/lds/github/Causality-informed-Generation/code1/database/Real_magnet_v3/2997_0.png', '/home/lds/github/Causality-informed-Generation/code1/database/Real_magnet_v3/2320_0.png', '/home/lds/github/Causality-informed-Generation/code1/database/Real_magnet_v3/2010_0.png']","Analyze the provided images and identify causal relationships between the variables. Complete the causality adjacency matrix based on the identified relationships and briefly explain your conclusionsObserving the provided images. Based on the causal relathionship among the variables: needle_position_x,needle_position_y,magnetic_bar_orientation,needle_orientation in the image in the images, now, waht will happen after I slightly rotate the orientation of magnetic bar in clockwise direction in the last image?
(your answer should be return in this format first: The answer is: xx. 
Explain: xxx)
A. needle orientation rotate in clockwise direction
B. needle orientation will not change
C. needle orientation rotate in counter-clockwise direction","The answer is: C. needle orientation rotate in counter-clockwise direction

Explain: In a magnetic setup, a compass needle aligns itself with the magnetic field lines. When the magnetic bar is rotated clockwise, the needle adjusts to maintain alignment with the field lines, usually rotating in the opposite direction to establish equilibrium. Thus, if the magnetic bar is rotated clockwise, the needle will rotate counter-clockwise to align with the new magnetic field orientation.",C,C
20250127_111102,basic,"['/home/lds/github/Causality-informed-Generation/code1/database/Real_magnet_v3/920_1.png', '/home/lds/github/Causality-informed-Generation/code1/database/Real_magnet_v3/2998_2.png', '/home/lds/github/Causality-informed-Generation/code1/database/Real_magnet_v3/2546_1.png', '/home/lds/github/Causality-informed-Generation/code1/database/Real_magnet_v3/759_0.png', '/home/lds/github/Causality-informed-Generation/code1/database/Real_magnet_v3/469_5.png', '/home/lds/github/Causality-informed-Generation/code1/database/Real_magnet_v3/1445_5.png', '/home/lds/github/Causality-informed-Generation/code1/database/Real_magnet_v3/2886_0.png', '/home/lds/github/Causality-informed-Generation/code1/database/Real_magnet_v3/2997_0.png', '/home/lds/github/Causality-informed-Generation/code1/database/Real_magnet_v3/2320_0.png', '/home/lds/github/Causality-informed-Generation/code1/database/Real_magnet_v3/2010_0.png']","Analyze the provided images and identify causal relationships between the variables. Complete the causality adjacency matrix based on the identified relationships and briefly explain your conclusionsObserving the provided images. Based on the causal relathionship among the variables: needle_position_x,needle_position_y,magnetic_bar_orientation,needle_orientation in the image in the images, now, waht will happen after I slightly rotate the orientation of magnetic bar in clockwise direction in the last image?
(your answer should be return in this format first: The answer is: xx. 
Explain: xxx)
A. needle orientation will not change
B. needle orientation rotate in clockwise direction
C. needle orientation rotate in counter-clockwise direction","The answer is: B. 

Explain: The needle is aligned with the magnetic field of the bar magnet. When the magnet is rotated clockwise, the needle, which acts like a compass, will rotate in the same direction to realign with the magnetic field.",B,C
20250127_111109,basic,"['/home/lds/github/Causality-informed-Generation/code1/database/Real_magnet_v3/920_1.png', '/home/lds/github/Causality-informed-Generation/code1/database/Real_magnet_v3/2998_2.png', '/home/lds/github/Causality-informed-Generation/code1/database/Real_magnet_v3/2546_1.png', '/home/lds/github/Causality-informed-Generation/code1/database/Real_magnet_v3/759_0.png', '/home/lds/github/Causality-informed-Generation/code1/database/Real_magnet_v3/469_5.png', '/home/lds/github/Causality-informed-Generation/code1/database/Real_magnet_v3/1445_5.png', '/home/lds/github/Causality-informed-Generation/code1/database/Real_magnet_v3/2886_0.png', '/home/lds/github/Causality-informed-Generation/code1/database/Real_magnet_v3/2997_0.png', '/home/lds/github/Causality-informed-Generation/code1/database/Real_magnet_v3/2320_0.png', '/home/lds/github/Causality-informed-Generation/code1/database/Real_magnet_v3/2010_0.png']","Analyze the provided images and identify causal relationships between the variables. Complete the causality adjacency matrix based on the identified relationships and briefly explain your conclusionsObserving the provided images. Based on the causal relathionship among the variables: needle_position_x,needle_position_y,magnetic_bar_orientation,needle_orientation in the image in the images, now, waht will happen after I slightly rotate the orientation of magnetic bar in clockwise direction in the last image?
(your answer should be return in this format first: The answer is: xx. 
Explain: xxx)
A. needle orientation rotate in clockwise direction
B. needle orientation rotate in counter-clockwise direction
C. needle orientation will not change","The answer is: A. needle orientation rotate in clockwise direction

Explain: Based on observing the images, it is evident that the needle (a compass needle) aligns itself with the magnetic field. When the magnetic bar's orientation is changed, the needle adjusts accordingly to point from the south magnetic pole to the north magnetic pole of the bar. Rotating the magnetic bar clockwise will cause the needle to also rotate clockwise to align with the new magnetic field direction.",A,B
20250127_111115,basic,"['/home/lds/github/Causality-informed-Generation/code1/database/Real_magnet_v3/920_1.png', '/home/lds/github/Causality-informed-Generation/code1/database/Real_magnet_v3/2998_2.png', '/home/lds/github/Causality-informed-Generation/code1/database/Real_magnet_v3/2546_1.png', '/home/lds/github/Causality-informed-Generation/code1/database/Real_magnet_v3/759_0.png', '/home/lds/github/Causality-informed-Generation/code1/database/Real_magnet_v3/469_5.png', '/home/lds/github/Causality-informed-Generation/code1/database/Real_magnet_v3/1445_5.png', '/home/lds/github/Causality-informed-Generation/code1/database/Real_magnet_v3/2886_0.png', '/home/lds/github/Causality-informed-Generation/code1/database/Real_magnet_v3/2997_0.png', '/home/lds/github/Causality-informed-Generation/code1/database/Real_magnet_v3/2320_0.png', '/home/lds/github/Causality-informed-Generation/code1/database/Real_magnet_v3/2010_0.png']","Analyze the provided images and identify causal relationships between the variables. Complete the causality adjacency matrix based on the identified relationships and briefly explain your conclusionsObserving the provided images. Based on the causal relathionship among the variables: needle_position_x,needle_position_y,magnetic_bar_orientation,needle_orientation in the image in the images, now, waht will happen after I slightly rotate the orientation of magnetic bar in clockwise direction in the last image?
(your answer should be return in this format first: The answer is: xx. 
Explain: xxx)
A. needle orientation rotate in clockwise direction
B. needle orientation will not change
C. needle orientation rotate in counter-clockwise direction","The answer is: A. needle orientation rotate in clockwise direction

Explain: In the images, the needle aligns with the magnetic field generated by the magnetic bar. When the magnetic bar is rotated clockwise, the magnetic field changes direction accordingly. As a result, the needle, which is influenced by the magnetic field, will also rotate to align with the new direction of the magnetic field, turning the needle clockwise.",A,C
20250127_111120,basic,"['/home/lds/github/Causality-informed-Generation/code1/database/Real_magnet_v3/920_1.png', '/home/lds/github/Causality-informed-Generation/code1/database/Real_magnet_v3/2998_2.png', '/home/lds/github/Causality-informed-Generation/code1/database/Real_magnet_v3/2546_1.png', '/home/lds/github/Causality-informed-Generation/code1/database/Real_magnet_v3/759_0.png', '/home/lds/github/Causality-informed-Generation/code1/database/Real_magnet_v3/469_5.png', '/home/lds/github/Causality-informed-Generation/code1/database/Real_magnet_v3/1445_5.png', '/home/lds/github/Causality-informed-Generation/code1/database/Real_magnet_v3/2886_0.png', '/home/lds/github/Causality-informed-Generation/code1/database/Real_magnet_v3/2997_0.png', '/home/lds/github/Causality-informed-Generation/code1/database/Real_magnet_v3/2320_0.png', '/home/lds/github/Causality-informed-Generation/code1/database/Real_magnet_v3/2010_0.png']","Analyze the provided images and identify causal relationships between the variables. Complete the causality adjacency matrix based on the identified relationships and briefly explain your conclusionsObserving the provided images. Based on the causal relathionship among the variables: needle_position_x,needle_position_y,magnetic_bar_orientation,needle_orientation in the image in the images, now, waht will happen after I slightly rotate the orientation of magnetic bar in counter-clockwise direction in the last image?
(your answer should be return in this format first: The answer is: xx. 
Explain: xxx)
A. needle orientation will not change
B. needle orientation rotate in counter-clockwise direction
C. needle orientation rotate in clockwise direction","The answer is: C.

Explain: The needle, in the context of a compass, is attracted to align itself with the magnetic field of the bar magnet. When the bar magnet is rotated counter-clockwise, the magnetic field also shifts in that direction. Consequently, the needle will rotate clockwise to re-align itself with the new orientation of the magnetic field.",C,C
20250127_111126,basic,"['/home/lds/github/Causality-informed-Generation/code1/database/Real_magnet_v3/920_1.png', '/home/lds/github/Causality-informed-Generation/code1/database/Real_magnet_v3/2998_2.png', '/home/lds/github/Causality-informed-Generation/code1/database/Real_magnet_v3/2546_1.png', '/home/lds/github/Causality-informed-Generation/code1/database/Real_magnet_v3/759_0.png', '/home/lds/github/Causality-informed-Generation/code1/database/Real_magnet_v3/469_5.png', '/home/lds/github/Causality-informed-Generation/code1/database/Real_magnet_v3/1445_5.png', '/home/lds/github/Causality-informed-Generation/code1/database/Real_magnet_v3/2886_0.png', '/home/lds/github/Causality-informed-Generation/code1/database/Real_magnet_v3/2997_0.png', '/home/lds/github/Causality-informed-Generation/code1/database/Real_magnet_v3/2320_0.png', '/home/lds/github/Causality-informed-Generation/code1/database/Real_magnet_v3/2010_0.png']","Analyze the provided images and identify causal relationships between the variables. Complete the causality adjacency matrix based on the identified relationships and briefly explain your conclusionsObserving the provided images. Based on the causal relathionship among the variables: needle_position_x,needle_position_y,magnetic_bar_orientation,needle_orientation in the image in the images, now, waht will happen after I slightly rotate the orientation of magnetic bar in clockwise direction in the last image?
(your answer should be return in this format first: The answer is: xx. 
Explain: xxx)
A. needle orientation will not change
B. needle orientation rotate in counter-clockwise direction
C. needle orientation rotate in clockwise direction","The answer is: B.

Explain: The needle aligns with the magnetic field generated by the magnetic bar. Rotating the magnetic bar clockwise in the last image will cause the magnetic field to change, and the needle will adjust to this new field direction. Therefore, the needle will rotate in the counter-clockwise direction to maintain alignment with the changed magnetic field.",B,B
