timestamp,prompt_type,images,message,response,gpt_ans,ground_truth
20250127_110146,basic,"['Dataset/Real_magnet_v3_256P/Real_magnet_v3/5104.png', 'Dataset/Real_magnet_v3_256P/Real_magnet_v3/4348.png', 'Dataset/Real_magnet_v3_256P/Real_magnet_v3/9099.png', 'Dataset/Real_magnet_v3_256P/Real_magnet_v3/3144.png', 'Dataset/Real_magnet_v3_256P/Real_magnet_v3/1805.png', 'Dataset/Real_magnet_v3_256P/Real_magnet_v3/548.png', 'Dataset/Real_magnet_v3_256P/Real_magnet_v3/10005.png', 'Dataset/Real_magnet_v3_256P/Real_magnet_v3/7336.png', 'Dataset/Real_magnet_v3_256P/Real_magnet_v3/8522.png', 'Dataset/Real_magnet_v3_256P/Real_magnet_v3/11527.png']","Analyze the provided images and identify causal relationships between the variables. Complete the causality adjacency matrix based on the identified relationships and briefly explain your conclusionsObserving the provided images. Based on the causal relathionship among the variables: needle_position_x,needle_position_y,magnetic_bar_orientation,needle_orientation in the image in the images, now, waht will happen after I slightly rotate the orientation of magnetic bar in clockwise direction in the last image?
(your answer should be return in this format first: The answer is: xx. 
Explain: xxx)
A. needle orientation rotate in clockwise direction
B. needle orientation will not change
C. needle orientation rotate in counter-clockwise direction","The answer is: A.

Explain: In the images, the needle appears to align itself with the orientation of the magnetic bar. When the magnetic bar is rotated clockwise, the needle usually follows, rotating clockwise to re-align with the magnetic field. This behavior suggests a direct relationship between the orientation of the magnetic bar and the needle orientation.",A,C
20250127_110152,basic,"['Dataset/Real_magnet_v3_256P/Real_magnet_v3/5104.png', 'Dataset/Real_magnet_v3_256P/Real_magnet_v3/4348.png', 'Dataset/Real_magnet_v3_256P/Real_magnet_v3/9099.png', 'Dataset/Real_magnet_v3_256P/Real_magnet_v3/3144.png', 'Dataset/Real_magnet_v3_256P/Real_magnet_v3/1805.png', 'Dataset/Real_magnet_v3_256P/Real_magnet_v3/548.png', 'Dataset/Real_magnet_v3_256P/Real_magnet_v3/10005.png', 'Dataset/Real_magnet_v3_256P/Real_magnet_v3/7336.png', 'Dataset/Real_magnet_v3_256P/Real_magnet_v3/8522.png', 'Dataset/Real_magnet_v3_256P/Real_magnet_v3/11527.png']","Analyze the provided images and identify causal relationships between the variables. Complete the causality adjacency matrix based on the identified relationships and briefly explain your conclusionsObserving the provided images. Based on the causal relathionship among the variables: needle_position_x,needle_position_y,magnetic_bar_orientation,needle_orientation in the image in the images, now, waht will happen after I slightly rotate the orientation of magnetic bar in counter-clockwise direction in the last image?
(your answer should be return in this format first: The answer is: xx. 
Explain: xxx)
A. needle orientation rotate in clockwise direction
B. needle orientation rotate in counter-clockwise direction
C. needle orientation will not change","The answer is: A. needle orientation rotate in clockwise direction.

Explain: When the magnetic bar is slightly rotated counter-clockwise, the magnetic field changes will cause the needle to adjust and maintain alignment with the field. Observing the images, the needle tends to rotate in the opposite direction to the magnetic bar's movement to maintain this alignment, hence it will rotate clockwise.",A,A
20250127_110208,basic,"['Dataset/Real_magnet_v3_256P/Real_magnet_v3/5104.png', 'Dataset/Real_magnet_v3_256P/Real_magnet_v3/4348.png', 'Dataset/Real_magnet_v3_256P/Real_magnet_v3/9099.png', 'Dataset/Real_magnet_v3_256P/Real_magnet_v3/3144.png', 'Dataset/Real_magnet_v3_256P/Real_magnet_v3/1805.png', 'Dataset/Real_magnet_v3_256P/Real_magnet_v3/548.png', 'Dataset/Real_magnet_v3_256P/Real_magnet_v3/10005.png', 'Dataset/Real_magnet_v3_256P/Real_magnet_v3/7336.png', 'Dataset/Real_magnet_v3_256P/Real_magnet_v3/8522.png', 'Dataset/Real_magnet_v3_256P/Real_magnet_v3/11527.png']","Analyze the provided images and identify causal relationships between the variables. Complete the causality adjacency matrix based on the identified relationships and briefly explain your conclusionsObserving the provided images. Based on the causal relathionship among the variables: needle_position_x,needle_position_y,magnetic_bar_orientation,needle_orientation in the image in the images, now, waht will happen after I slightly rotate the orientation of magnetic bar in counter-clockwise direction in the last image?
(your answer should be return in this format first: The answer is: xx. 
Explain: xxx)
A. needle orientation will not change
B. needle orientation rotate in clockwise direction
C. needle orientation rotate in counter-clockwise direction","The answer is: B. needle orientation rotate in clockwise direction

Explain: The needle in a compass aligns itself with the magnetic field lines. Rotating the magnetic bar counter-clockwise will cause the needle to adjust its position to remain aligned with the magnetic field. This adjustment will be in the clockwise direction to counter the counter-clockwise rotation of the magnetic bar.",B,B
20250127_110214,basic,"['Dataset/Real_magnet_v3_256P/Real_magnet_v3/5104.png', 'Dataset/Real_magnet_v3_256P/Real_magnet_v3/4348.png', 'Dataset/Real_magnet_v3_256P/Real_magnet_v3/9099.png', 'Dataset/Real_magnet_v3_256P/Real_magnet_v3/3144.png', 'Dataset/Real_magnet_v3_256P/Real_magnet_v3/1805.png', 'Dataset/Real_magnet_v3_256P/Real_magnet_v3/548.png', 'Dataset/Real_magnet_v3_256P/Real_magnet_v3/10005.png', 'Dataset/Real_magnet_v3_256P/Real_magnet_v3/7336.png', 'Dataset/Real_magnet_v3_256P/Real_magnet_v3/8522.png', 'Dataset/Real_magnet_v3_256P/Real_magnet_v3/11527.png']","Analyze the provided images and identify causal relationships between the variables. Complete the causality adjacency matrix based on the identified relationships and briefly explain your conclusionsObserving the provided images. Based on the causal relathionship among the variables: needle_position_x,needle_position_y,magnetic_bar_orientation,needle_orientation in the image in the images, now, waht will happen after I slightly rotate the orientation of magnetic bar in counter-clockwise direction in the last image?
(your answer should be return in this format first: The answer is: xx. 
Explain: xxx)
A. needle orientation rotate in clockwise direction
B. needle orientation will not change
C. needle orientation rotate in counter-clockwise direction","The answer is: A. needle orientation rotate in clockwise direction

Explain: The needle aligns with the magnetic field produced by the bar magnet. As the magnetic bar is rotated counter-clockwise, the magnetic field also rotates slightly in the same direction. In response, the needle will move to align with this new orientation. This means the needle will rotate in the opposite direction, which is clockwise, to maintain alignment with the magnetic field.",A,A
20250127_110218,basic,"['Dataset/Real_magnet_v3_256P/Real_magnet_v3/5104.png', 'Dataset/Real_magnet_v3_256P/Real_magnet_v3/4348.png', 'Dataset/Real_magnet_v3_256P/Real_magnet_v3/9099.png', 'Dataset/Real_magnet_v3_256P/Real_magnet_v3/3144.png', 'Dataset/Real_magnet_v3_256P/Real_magnet_v3/1805.png', 'Dataset/Real_magnet_v3_256P/Real_magnet_v3/548.png', 'Dataset/Real_magnet_v3_256P/Real_magnet_v3/10005.png', 'Dataset/Real_magnet_v3_256P/Real_magnet_v3/7336.png', 'Dataset/Real_magnet_v3_256P/Real_magnet_v3/8522.png', 'Dataset/Real_magnet_v3_256P/Real_magnet_v3/11527.png']","Analyze the provided images and identify causal relationships between the variables. Complete the causality adjacency matrix based on the identified relationships and briefly explain your conclusionsObserving the provided images. Based on the causal relathionship among the variables: needle_position_x,needle_position_y,magnetic_bar_orientation,needle_orientation in the image in the images, now, waht will happen after I slightly rotate the orientation of magnetic bar in counter-clockwise direction in the last image?
(your answer should be return in this format first: The answer is: xx. 
Explain: xxx)
A. needle orientation will not change
B. needle orientation rotate in clockwise direction
C. needle orientation rotate in counter-clockwise direction","The answer is: B. needle orientation rotate in clockwise direction

Explain: When the magnetic bar is rotated counter-clockwise, the needle aligns itself with the magnetic field. To do so, it will move in the opposite direction of the rotation of the bar, which is clockwise.",B,B
20250127_110222,basic,"['Dataset/Real_magnet_v3_256P/Real_magnet_v3/5104.png', 'Dataset/Real_magnet_v3_256P/Real_magnet_v3/4348.png', 'Dataset/Real_magnet_v3_256P/Real_magnet_v3/9099.png', 'Dataset/Real_magnet_v3_256P/Real_magnet_v3/3144.png', 'Dataset/Real_magnet_v3_256P/Real_magnet_v3/1805.png', 'Dataset/Real_magnet_v3_256P/Real_magnet_v3/548.png', 'Dataset/Real_magnet_v3_256P/Real_magnet_v3/10005.png', 'Dataset/Real_magnet_v3_256P/Real_magnet_v3/7336.png', 'Dataset/Real_magnet_v3_256P/Real_magnet_v3/8522.png', 'Dataset/Real_magnet_v3_256P/Real_magnet_v3/11527.png']","Analyze the provided images and identify causal relationships between the variables. Complete the causality adjacency matrix based on the identified relationships and briefly explain your conclusionsObserving the provided images. Based on the causal relathionship among the variables: needle_position_x,needle_position_y,magnetic_bar_orientation,needle_orientation in the image in the images, now, waht will happen after I slightly rotate the orientation of magnetic bar in clockwise direction in the last image?
(your answer should be return in this format first: The answer is: xx. 
Explain: xxx)
A. needle orientation will not change
B. needle orientation rotate in counter-clockwise direction
C. needle orientation rotate in clockwise direction","The answer is: B. 

Explain: The needle orientation is influenced by the magnetic bar's orientation. If the magnetic bar is rotated clockwise, the needle will adjust accordingly to align with the magnetic field. Given the needle's initial position in the last image, it will rotate counter-clockwise to align itself with the new magnetic orientation.",B,B
20250127_110226,basic,"['Dataset/Real_magnet_v3_256P/Real_magnet_v3/5104.png', 'Dataset/Real_magnet_v3_256P/Real_magnet_v3/4348.png', 'Dataset/Real_magnet_v3_256P/Real_magnet_v3/9099.png', 'Dataset/Real_magnet_v3_256P/Real_magnet_v3/3144.png', 'Dataset/Real_magnet_v3_256P/Real_magnet_v3/1805.png', 'Dataset/Real_magnet_v3_256P/Real_magnet_v3/548.png', 'Dataset/Real_magnet_v3_256P/Real_magnet_v3/10005.png', 'Dataset/Real_magnet_v3_256P/Real_magnet_v3/7336.png', 'Dataset/Real_magnet_v3_256P/Real_magnet_v3/8522.png', 'Dataset/Real_magnet_v3_256P/Real_magnet_v3/11527.png']","Analyze the provided images and identify causal relationships between the variables. Complete the causality adjacency matrix based on the identified relationships and briefly explain your conclusionsObserving the provided images. Based on the causal relathionship among the variables: needle_position_x,needle_position_y,magnetic_bar_orientation,needle_orientation in the image in the images, now, waht will happen after I slightly rotate the orientation of magnetic bar in clockwise direction in the last image?
(your answer should be return in this format first: The answer is: xx. 
Explain: xxx)
A. needle orientation will not change
B. needle orientation rotate in counter-clockwise direction
C. needle orientation rotate in clockwise direction","The answer is: B. needle orientation rotate in counter-clockwise direction.

Explain: In a typical compass setup, the needle aligns itself with the magnetic field lines of the magnetic bar. If you rotate the magnetic bar clockwise, the needle will tend to realign itself accordingly, meaning it will rotate in the opposite direction, which is counter-clockwise, to follow the new magnetic field direction.",B,B
20250127_110230,basic,"['Dataset/Real_magnet_v3_256P/Real_magnet_v3/5104.png', 'Dataset/Real_magnet_v3_256P/Real_magnet_v3/4348.png', 'Dataset/Real_magnet_v3_256P/Real_magnet_v3/9099.png', 'Dataset/Real_magnet_v3_256P/Real_magnet_v3/3144.png', 'Dataset/Real_magnet_v3_256P/Real_magnet_v3/1805.png', 'Dataset/Real_magnet_v3_256P/Real_magnet_v3/548.png', 'Dataset/Real_magnet_v3_256P/Real_magnet_v3/10005.png', 'Dataset/Real_magnet_v3_256P/Real_magnet_v3/7336.png', 'Dataset/Real_magnet_v3_256P/Real_magnet_v3/8522.png', 'Dataset/Real_magnet_v3_256P/Real_magnet_v3/11527.png']","Analyze the provided images and identify causal relationships between the variables. Complete the causality adjacency matrix based on the identified relationships and briefly explain your conclusionsObserving the provided images. Based on the causal relathionship among the variables: needle_position_x,needle_position_y,magnetic_bar_orientation,needle_orientation in the image in the images, now, waht will happen after I slightly rotate the orientation of magnetic bar in clockwise direction in the last image?
(your answer should be return in this format first: The answer is: xx. 
Explain: xxx)
A. needle orientation will not change
B. needle orientation rotate in counter-clockwise direction
C. needle orientation rotate in clockwise direction","The answer is: B. 

Explain: When the magnetic bar is rotated clockwise, the needle (which acts like a compass) will align itself with the magnetic field. So, if the bar rotates clockwise, the needle typically rotates in the counter-clockwise direction to remain aligned with the magnetic field.",B,B
20250127_110234,basic,"['Dataset/Real_magnet_v3_256P/Real_magnet_v3/5104.png', 'Dataset/Real_magnet_v3_256P/Real_magnet_v3/4348.png', 'Dataset/Real_magnet_v3_256P/Real_magnet_v3/9099.png', 'Dataset/Real_magnet_v3_256P/Real_magnet_v3/3144.png', 'Dataset/Real_magnet_v3_256P/Real_magnet_v3/1805.png', 'Dataset/Real_magnet_v3_256P/Real_magnet_v3/548.png', 'Dataset/Real_magnet_v3_256P/Real_magnet_v3/10005.png', 'Dataset/Real_magnet_v3_256P/Real_magnet_v3/7336.png', 'Dataset/Real_magnet_v3_256P/Real_magnet_v3/8522.png', 'Dataset/Real_magnet_v3_256P/Real_magnet_v3/11527.png']","Analyze the provided images and identify causal relationships between the variables. Complete the causality adjacency matrix based on the identified relationships and briefly explain your conclusionsObserving the provided images. Based on the causal relathionship among the variables: needle_position_x,needle_position_y,magnetic_bar_orientation,needle_orientation in the image in the images, now, waht will happen after I slightly rotate the orientation of magnetic bar in clockwise direction in the last image?
(your answer should be return in this format first: The answer is: xx. 
Explain: xxx)
A. needle orientation will not change
B. needle orientation rotate in counter-clockwise direction
C. needle orientation rotate in clockwise direction","The answer is: B.

Explain: The needle orientation is influenced by the magnetic bar's orientation. Rotating the magnetic bar clockwise will typically cause the needle to adjust its position in the opposite direction, aligning with the magnetic field lines, resulting in a counter-clockwise rotation of the needle.",B,B
20250127_110239,basic,"['Dataset/Real_magnet_v3_256P/Real_magnet_v3/5104.png', 'Dataset/Real_magnet_v3_256P/Real_magnet_v3/4348.png', 'Dataset/Real_magnet_v3_256P/Real_magnet_v3/9099.png', 'Dataset/Real_magnet_v3_256P/Real_magnet_v3/3144.png', 'Dataset/Real_magnet_v3_256P/Real_magnet_v3/1805.png', 'Dataset/Real_magnet_v3_256P/Real_magnet_v3/548.png', 'Dataset/Real_magnet_v3_256P/Real_magnet_v3/10005.png', 'Dataset/Real_magnet_v3_256P/Real_magnet_v3/7336.png', 'Dataset/Real_magnet_v3_256P/Real_magnet_v3/8522.png', 'Dataset/Real_magnet_v3_256P/Real_magnet_v3/11527.png']","Analyze the provided images and identify causal relationships between the variables. Complete the causality adjacency matrix based on the identified relationships and briefly explain your conclusionsObserving the provided images. Based on the causal relathionship among the variables: needle_position_x,needle_position_y,magnetic_bar_orientation,needle_orientation in the image in the images, now, waht will happen after I slightly rotate the orientation of magnetic bar in clockwise direction in the last image?
(your answer should be return in this format first: The answer is: xx. 
Explain: xxx)
A. needle orientation rotate in clockwise direction
B. needle orientation will not change
C. needle orientation rotate in counter-clockwise direction","The answer is: A. 

Explain: In the images, the needle aligns itself with the magnetic field lines of the bar, which are determined by the orientation of the magnetic bar. If the magnetic bar is rotated clockwise, the needle will adjust to align itself with the new direction of the magnetic field, resulting in a clockwise rotation of the needle.",A,C
20250127_110243,basic,"['Dataset/Real_magnet_v3_256P/Real_magnet_v3/5104.png', 'Dataset/Real_magnet_v3_256P/Real_magnet_v3/4348.png', 'Dataset/Real_magnet_v3_256P/Real_magnet_v3/9099.png', 'Dataset/Real_magnet_v3_256P/Real_magnet_v3/3144.png', 'Dataset/Real_magnet_v3_256P/Real_magnet_v3/1805.png', 'Dataset/Real_magnet_v3_256P/Real_magnet_v3/548.png', 'Dataset/Real_magnet_v3_256P/Real_magnet_v3/10005.png', 'Dataset/Real_magnet_v3_256P/Real_magnet_v3/7336.png', 'Dataset/Real_magnet_v3_256P/Real_magnet_v3/8522.png', 'Dataset/Real_magnet_v3_256P/Real_magnet_v3/11527.png']","Analyze the provided images and identify causal relationships between the variables. Complete the causality adjacency matrix based on the identified relationships and briefly explain your conclusionsObserving the provided images. Based on the causal relathionship among the variables: needle_position_x,needle_position_y,magnetic_bar_orientation,needle_orientation in the image in the images, now, waht will happen after I slightly rotate the orientation of magnetic bar in clockwise direction in the last image?
(your answer should be return in this format first: The answer is: xx. 
Explain: xxx)
A. needle orientation rotate in counter-clockwise direction
B. needle orientation rotate in clockwise direction
C. needle orientation will not change","The answer is: B. 

Explain: When you rotate the magnetic bar clockwise, the needle, which is influenced by the magnetic field, will also rotate towards alignment with the new orientation of the magnetic bar. Thus, the needle orientation will rotate in a clockwise direction as well.",B,A
20250127_110249,basic,"['Dataset/Real_magnet_v3_256P/Real_magnet_v3/5104.png', 'Dataset/Real_magnet_v3_256P/Real_magnet_v3/4348.png', 'Dataset/Real_magnet_v3_256P/Real_magnet_v3/9099.png', 'Dataset/Real_magnet_v3_256P/Real_magnet_v3/3144.png', 'Dataset/Real_magnet_v3_256P/Real_magnet_v3/1805.png', 'Dataset/Real_magnet_v3_256P/Real_magnet_v3/548.png', 'Dataset/Real_magnet_v3_256P/Real_magnet_v3/10005.png', 'Dataset/Real_magnet_v3_256P/Real_magnet_v3/7336.png', 'Dataset/Real_magnet_v3_256P/Real_magnet_v3/8522.png', 'Dataset/Real_magnet_v3_256P/Real_magnet_v3/11527.png']","Analyze the provided images and identify causal relationships between the variables. Complete the causality adjacency matrix based on the identified relationships and briefly explain your conclusionsObserving the provided images. Based on the causal relathionship among the variables: needle_position_x,needle_position_y,magnetic_bar_orientation,needle_orientation in the image in the images, now, waht will happen after I slightly rotate the orientation of magnetic bar in clockwise direction in the last image?
(your answer should be return in this format first: The answer is: xx. 
Explain: xxx)
A. needle orientation rotate in counter-clockwise direction
B. needle orientation will not change
C. needle orientation rotate in clockwise direction","The answer is: A. needle orientation rotate in counter-clockwise direction

Explain: In each image, the needle aligns itself with the magnetic field created by the magnetic bar. When the magnetic bar is rotated clockwise, the needle will react by aligning itself with the new direction of the magnetic field, which means it will rotate in the opposite, counter-clockwise direction.",A,A
20250127_110253,basic,"['Dataset/Real_magnet_v3_256P/Real_magnet_v3/5104.png', 'Dataset/Real_magnet_v3_256P/Real_magnet_v3/4348.png', 'Dataset/Real_magnet_v3_256P/Real_magnet_v3/9099.png', 'Dataset/Real_magnet_v3_256P/Real_magnet_v3/3144.png', 'Dataset/Real_magnet_v3_256P/Real_magnet_v3/1805.png', 'Dataset/Real_magnet_v3_256P/Real_magnet_v3/548.png', 'Dataset/Real_magnet_v3_256P/Real_magnet_v3/10005.png', 'Dataset/Real_magnet_v3_256P/Real_magnet_v3/7336.png', 'Dataset/Real_magnet_v3_256P/Real_magnet_v3/8522.png', 'Dataset/Real_magnet_v3_256P/Real_magnet_v3/11527.png']","Analyze the provided images and identify causal relationships between the variables. Complete the causality adjacency matrix based on the identified relationships and briefly explain your conclusionsObserving the provided images. Based on the causal relathionship among the variables: needle_position_x,needle_position_y,magnetic_bar_orientation,needle_orientation in the image in the images, now, waht will happen after I slightly rotate the orientation of magnetic bar in counter-clockwise direction in the last image?
(your answer should be return in this format first: The answer is: xx. 
Explain: xxx)
A. needle orientation will not change
B. needle orientation rotate in counter-clockwise direction
C. needle orientation rotate in clockwise direction","The answer is: B. needle orientation rotate in counter-clockwise direction

Explain: In a magnetic field, the needle aligns with the magnetic bar. When the bar is rotated counter-clockwise, the needle will also rotate counter-clockwise to maintain alignment with the bar's magnetic field.",B,C
20250127_110257,basic,"['Dataset/Real_magnet_v3_256P/Real_magnet_v3/5104.png', 'Dataset/Real_magnet_v3_256P/Real_magnet_v3/4348.png', 'Dataset/Real_magnet_v3_256P/Real_magnet_v3/9099.png', 'Dataset/Real_magnet_v3_256P/Real_magnet_v3/3144.png', 'Dataset/Real_magnet_v3_256P/Real_magnet_v3/1805.png', 'Dataset/Real_magnet_v3_256P/Real_magnet_v3/548.png', 'Dataset/Real_magnet_v3_256P/Real_magnet_v3/10005.png', 'Dataset/Real_magnet_v3_256P/Real_magnet_v3/7336.png', 'Dataset/Real_magnet_v3_256P/Real_magnet_v3/8522.png', 'Dataset/Real_magnet_v3_256P/Real_magnet_v3/11527.png']","Analyze the provided images and identify causal relationships between the variables. Complete the causality adjacency matrix based on the identified relationships and briefly explain your conclusionsObserving the provided images. Based on the causal relathionship among the variables: needle_position_x,needle_position_y,magnetic_bar_orientation,needle_orientation in the image in the images, now, waht will happen after I slightly rotate the orientation of magnetic bar in clockwise direction in the last image?
(your answer should be return in this format first: The answer is: xx. 
Explain: xxx)
A. needle orientation rotate in counter-clockwise direction
B. needle orientation will not change
C. needle orientation rotate in clockwise direction","The answer is: A. needle orientation rotate in counter-clockwise direction.

Explain: When the magnetic bar is rotated clockwise, the magnetic field's direction changes, causing the needle to adjust its orientation. The needle, influenced by the magnetic field, will rotate in the opposite direction, which is counter-clockwise, to align with the new orientation of the magnetic field.",A,A
20250127_110301,basic,"['Dataset/Real_magnet_v3_256P/Real_magnet_v3/5104.png', 'Dataset/Real_magnet_v3_256P/Real_magnet_v3/4348.png', 'Dataset/Real_magnet_v3_256P/Real_magnet_v3/9099.png', 'Dataset/Real_magnet_v3_256P/Real_magnet_v3/3144.png', 'Dataset/Real_magnet_v3_256P/Real_magnet_v3/1805.png', 'Dataset/Real_magnet_v3_256P/Real_magnet_v3/548.png', 'Dataset/Real_magnet_v3_256P/Real_magnet_v3/10005.png', 'Dataset/Real_magnet_v3_256P/Real_magnet_v3/7336.png', 'Dataset/Real_magnet_v3_256P/Real_magnet_v3/8522.png', 'Dataset/Real_magnet_v3_256P/Real_magnet_v3/11527.png']","Analyze the provided images and identify causal relationships between the variables. Complete the causality adjacency matrix based on the identified relationships and briefly explain your conclusionsObserving the provided images. Based on the causal relathionship among the variables: needle_position_x,needle_position_y,magnetic_bar_orientation,needle_orientation in the image in the images, now, waht will happen after I slightly rotate the orientation of magnetic bar in clockwise direction in the last image?
(your answer should be return in this format first: The answer is: xx. 
Explain: xxx)
A. needle orientation rotate in counter-clockwise direction
B. needle orientation rotate in clockwise direction
C. needle orientation will not change","The answer is: A. needle orientation rotate in counter-clockwise direction.

Explain: The needle aligns with the magnetic field direction created by the magnetic bar. Rotating the bar clockwise will cause the needle to rotate counter-clockwise to remain aligned with the magnetic field.",A,A
20250127_110305,basic,"['Dataset/Real_magnet_v3_256P/Real_magnet_v3/5104.png', 'Dataset/Real_magnet_v3_256P/Real_magnet_v3/4348.png', 'Dataset/Real_magnet_v3_256P/Real_magnet_v3/9099.png', 'Dataset/Real_magnet_v3_256P/Real_magnet_v3/3144.png', 'Dataset/Real_magnet_v3_256P/Real_magnet_v3/1805.png', 'Dataset/Real_magnet_v3_256P/Real_magnet_v3/548.png', 'Dataset/Real_magnet_v3_256P/Real_magnet_v3/10005.png', 'Dataset/Real_magnet_v3_256P/Real_magnet_v3/7336.png', 'Dataset/Real_magnet_v3_256P/Real_magnet_v3/8522.png', 'Dataset/Real_magnet_v3_256P/Real_magnet_v3/11527.png']","Analyze the provided images and identify causal relationships between the variables. Complete the causality adjacency matrix based on the identified relationships and briefly explain your conclusionsObserving the provided images. Based on the causal relathionship among the variables: needle_position_x,needle_position_y,magnetic_bar_orientation,needle_orientation in the image in the images, now, waht will happen after I slightly rotate the orientation of magnetic bar in counter-clockwise direction in the last image?
(your answer should be return in this format first: The answer is: xx. 
Explain: xxx)
A. needle orientation rotate in counter-clockwise direction
B. needle orientation rotate in clockwise direction
C. needle orientation will not change","The answer is: A. needle orientation rotate in counter-clockwise direction

Explain: The needle aligns itself with the magnetic field produced by the bar. Rotating the magnetic bar counter-clockwise shifts the magnetic field, and the needle will adjust by rotating counter-clockwise to remain aligned with the new field orientation.",A,B
20250127_110312,basic,"['Dataset/Real_magnet_v3_256P/Real_magnet_v3/5104.png', 'Dataset/Real_magnet_v3_256P/Real_magnet_v3/4348.png', 'Dataset/Real_magnet_v3_256P/Real_magnet_v3/9099.png', 'Dataset/Real_magnet_v3_256P/Real_magnet_v3/3144.png', 'Dataset/Real_magnet_v3_256P/Real_magnet_v3/1805.png', 'Dataset/Real_magnet_v3_256P/Real_magnet_v3/548.png', 'Dataset/Real_magnet_v3_256P/Real_magnet_v3/10005.png', 'Dataset/Real_magnet_v3_256P/Real_magnet_v3/7336.png', 'Dataset/Real_magnet_v3_256P/Real_magnet_v3/8522.png', 'Dataset/Real_magnet_v3_256P/Real_magnet_v3/11527.png']","Analyze the provided images and identify causal relationships between the variables. Complete the causality adjacency matrix based on the identified relationships and briefly explain your conclusionsObserving the provided images. Based on the causal relathionship among the variables: needle_position_x,needle_position_y,magnetic_bar_orientation,needle_orientation in the image in the images, now, waht will happen after I slightly rotate the orientation of magnetic bar in counter-clockwise direction in the last image?
(your answer should be return in this format first: The answer is: xx. 
Explain: xxx)
A. needle orientation rotate in counter-clockwise direction
B. needle orientation will not change
C. needle orientation rotate in clockwise direction","The answer is: A. needle orientation rotate in counter-clockwise direction

Explain: The needle in each image is aligned with the magnetic field created by the magnetic bar. When the orientation of the magnetic bar is slightly rotated counter-clockwise, the needle, which aligns itself with the magnetic field, will also rotate counter-clockwise to maintain its alignment with the field.",A,C
20250127_110316,basic,"['Dataset/Real_magnet_v3_256P/Real_magnet_v3/5104.png', 'Dataset/Real_magnet_v3_256P/Real_magnet_v3/4348.png', 'Dataset/Real_magnet_v3_256P/Real_magnet_v3/9099.png', 'Dataset/Real_magnet_v3_256P/Real_magnet_v3/3144.png', 'Dataset/Real_magnet_v3_256P/Real_magnet_v3/1805.png', 'Dataset/Real_magnet_v3_256P/Real_magnet_v3/548.png', 'Dataset/Real_magnet_v3_256P/Real_magnet_v3/10005.png', 'Dataset/Real_magnet_v3_256P/Real_magnet_v3/7336.png', 'Dataset/Real_magnet_v3_256P/Real_magnet_v3/8522.png', 'Dataset/Real_magnet_v3_256P/Real_magnet_v3/11527.png']","Analyze the provided images and identify causal relationships between the variables. Complete the causality adjacency matrix based on the identified relationships and briefly explain your conclusionsObserving the provided images. Based on the causal relathionship among the variables: needle_position_x,needle_position_y,magnetic_bar_orientation,needle_orientation in the image in the images, now, waht will happen after I slightly rotate the orientation of magnetic bar in counter-clockwise direction in the last image?
(your answer should be return in this format first: The answer is: xx. 
Explain: xxx)
A. needle orientation rotate in counter-clockwise direction
B. needle orientation will not change
C. needle orientation rotate in clockwise direction","The answer is: A. needle orientation rotate in counter-clockwise direction

Explain: The needle's orientation is influenced by the magnetic bar's orientation due to the magnetic field interaction. When the magnetic bar rotates counter-clockwise, the magnetic field changes, causing the needle to also rotate counter-clockwise to realign with the new magnetic field direction.",A,C
20250127_110321,basic,"['Dataset/Real_magnet_v3_256P/Real_magnet_v3/5104.png', 'Dataset/Real_magnet_v3_256P/Real_magnet_v3/4348.png', 'Dataset/Real_magnet_v3_256P/Real_magnet_v3/9099.png', 'Dataset/Real_magnet_v3_256P/Real_magnet_v3/3144.png', 'Dataset/Real_magnet_v3_256P/Real_magnet_v3/1805.png', 'Dataset/Real_magnet_v3_256P/Real_magnet_v3/548.png', 'Dataset/Real_magnet_v3_256P/Real_magnet_v3/10005.png', 'Dataset/Real_magnet_v3_256P/Real_magnet_v3/7336.png', 'Dataset/Real_magnet_v3_256P/Real_magnet_v3/8522.png', 'Dataset/Real_magnet_v3_256P/Real_magnet_v3/11527.png']","Analyze the provided images and identify causal relationships between the variables. Complete the causality adjacency matrix based on the identified relationships and briefly explain your conclusionsObserving the provided images. Based on the causal relathionship among the variables: needle_position_x,needle_position_y,magnetic_bar_orientation,needle_orientation in the image in the images, now, waht will happen after I slightly rotate the orientation of magnetic bar in clockwise direction in the last image?
(your answer should be return in this format first: The answer is: xx. 
Explain: xxx)
A. needle orientation will not change
B. needle orientation rotate in clockwise direction
C. needle orientation rotate in counter-clockwise direction","The answer is: B. 

Explain: When the magnetic bar is rotated clockwise, it affects the orientation of the needle, causing it to align itself along the magnetic field lines. In this system, the needle will also rotate in a clockwise direction in response to the change in the magnetic bar's orientation.",B,C
20250127_110324,basic,"['Dataset/Real_magnet_v3_256P/Real_magnet_v3/5104.png', 'Dataset/Real_magnet_v3_256P/Real_magnet_v3/4348.png', 'Dataset/Real_magnet_v3_256P/Real_magnet_v3/9099.png', 'Dataset/Real_magnet_v3_256P/Real_magnet_v3/3144.png', 'Dataset/Real_magnet_v3_256P/Real_magnet_v3/1805.png', 'Dataset/Real_magnet_v3_256P/Real_magnet_v3/548.png', 'Dataset/Real_magnet_v3_256P/Real_magnet_v3/10005.png', 'Dataset/Real_magnet_v3_256P/Real_magnet_v3/7336.png', 'Dataset/Real_magnet_v3_256P/Real_magnet_v3/8522.png', 'Dataset/Real_magnet_v3_256P/Real_magnet_v3/11527.png']","Analyze the provided images and identify causal relationships between the variables. Complete the causality adjacency matrix based on the identified relationships and briefly explain your conclusionsObserving the provided images. Based on the causal relathionship among the variables: needle_position_x,needle_position_y,magnetic_bar_orientation,needle_orientation in the image in the images, now, waht will happen after I slightly rotate the orientation of magnetic bar in counter-clockwise direction in the last image?
(your answer should be return in this format first: The answer is: xx. 
Explain: xxx)
A. needle orientation will not change
B. needle orientation rotate in clockwise direction
C. needle orientation rotate in counter-clockwise direction","The answer is: B. needle orientation rotate in clockwise direction

Explain: When the magnetic bar is rotated counter-clockwise, the magnetic field lines change direction, causing the needle, which aligns with the magnetic field, to rotate in the opposite direction, which is clockwise.",B,B
20250127_110328,basic,"['Dataset/Real_magnet_v3_256P/Real_magnet_v3/5104.png', 'Dataset/Real_magnet_v3_256P/Real_magnet_v3/4348.png', 'Dataset/Real_magnet_v3_256P/Real_magnet_v3/9099.png', 'Dataset/Real_magnet_v3_256P/Real_magnet_v3/3144.png', 'Dataset/Real_magnet_v3_256P/Real_magnet_v3/1805.png', 'Dataset/Real_magnet_v3_256P/Real_magnet_v3/548.png', 'Dataset/Real_magnet_v3_256P/Real_magnet_v3/10005.png', 'Dataset/Real_magnet_v3_256P/Real_magnet_v3/7336.png', 'Dataset/Real_magnet_v3_256P/Real_magnet_v3/8522.png', 'Dataset/Real_magnet_v3_256P/Real_magnet_v3/11527.png']","Analyze the provided images and identify causal relationships between the variables. Complete the causality adjacency matrix based on the identified relationships and briefly explain your conclusionsObserving the provided images. Based on the causal relathionship among the variables: needle_position_x,needle_position_y,magnetic_bar_orientation,needle_orientation in the image in the images, now, waht will happen after I slightly rotate the orientation of magnetic bar in clockwise direction in the last image?
(your answer should be return in this format first: The answer is: xx. 
Explain: xxx)
A. needle orientation rotate in clockwise direction
B. needle orientation will not change
C. needle orientation rotate in counter-clockwise direction","The answer is: A. 

Explain: When the magnetic bar is rotated clockwise, the needle, which aligns with the magnetic field, will also rotate clockwise to maintain alignment with the magnetic field.",A,C
20250127_110332,basic,"['Dataset/Real_magnet_v3_256P/Real_magnet_v3/5104.png', 'Dataset/Real_magnet_v3_256P/Real_magnet_v3/4348.png', 'Dataset/Real_magnet_v3_256P/Real_magnet_v3/9099.png', 'Dataset/Real_magnet_v3_256P/Real_magnet_v3/3144.png', 'Dataset/Real_magnet_v3_256P/Real_magnet_v3/1805.png', 'Dataset/Real_magnet_v3_256P/Real_magnet_v3/548.png', 'Dataset/Real_magnet_v3_256P/Real_magnet_v3/10005.png', 'Dataset/Real_magnet_v3_256P/Real_magnet_v3/7336.png', 'Dataset/Real_magnet_v3_256P/Real_magnet_v3/8522.png', 'Dataset/Real_magnet_v3_256P/Real_magnet_v3/11527.png']","Analyze the provided images and identify causal relationships between the variables. Complete the causality adjacency matrix based on the identified relationships and briefly explain your conclusionsObserving the provided images. Based on the causal relathionship among the variables: needle_position_x,needle_position_y,magnetic_bar_orientation,needle_orientation in the image in the images, now, waht will happen after I slightly rotate the orientation of magnetic bar in clockwise direction in the last image?
(your answer should be return in this format first: The answer is: xx. 
Explain: xxx)
A. needle orientation rotate in counter-clockwise direction
B. needle orientation rotate in clockwise direction
C. needle orientation will not change","The answer is: B.

Explain: When the magnetic bar is rotated clockwise, the needle's orientation, which aligns with the magnetic field, will also rotate clockwise to maintain alignment with the magnetic field line.",B,A
20250127_110336,basic,"['Dataset/Real_magnet_v3_256P/Real_magnet_v3/5104.png', 'Dataset/Real_magnet_v3_256P/Real_magnet_v3/4348.png', 'Dataset/Real_magnet_v3_256P/Real_magnet_v3/9099.png', 'Dataset/Real_magnet_v3_256P/Real_magnet_v3/3144.png', 'Dataset/Real_magnet_v3_256P/Real_magnet_v3/1805.png', 'Dataset/Real_magnet_v3_256P/Real_magnet_v3/548.png', 'Dataset/Real_magnet_v3_256P/Real_magnet_v3/10005.png', 'Dataset/Real_magnet_v3_256P/Real_magnet_v3/7336.png', 'Dataset/Real_magnet_v3_256P/Real_magnet_v3/8522.png', 'Dataset/Real_magnet_v3_256P/Real_magnet_v3/11527.png']","Analyze the provided images and identify causal relationships between the variables. Complete the causality adjacency matrix based on the identified relationships and briefly explain your conclusionsObserving the provided images. Based on the causal relathionship among the variables: needle_position_x,needle_position_y,magnetic_bar_orientation,needle_orientation in the image in the images, now, waht will happen after I slightly rotate the orientation of magnetic bar in counter-clockwise direction in the last image?
(your answer should be return in this format first: The answer is: xx. 
Explain: xxx)
A. needle orientation rotate in counter-clockwise direction
B. needle orientation will not change
C. needle orientation rotate in clockwise direction","The answer is: A. needle orientation rotate in counter-clockwise direction.

Explain: The magnetic needle aligns with the magnetic field of the bar. If you rotate the magnetic bar counter-clockwise, the magnetic field also rotates in that direction, causing the needle to follow and rotate counter-clockwise as well.",A,C
20250127_110341,basic,"['Dataset/Real_magnet_v3_256P/Real_magnet_v3/5104.png', 'Dataset/Real_magnet_v3_256P/Real_magnet_v3/4348.png', 'Dataset/Real_magnet_v3_256P/Real_magnet_v3/9099.png', 'Dataset/Real_magnet_v3_256P/Real_magnet_v3/3144.png', 'Dataset/Real_magnet_v3_256P/Real_magnet_v3/1805.png', 'Dataset/Real_magnet_v3_256P/Real_magnet_v3/548.png', 'Dataset/Real_magnet_v3_256P/Real_magnet_v3/10005.png', 'Dataset/Real_magnet_v3_256P/Real_magnet_v3/7336.png', 'Dataset/Real_magnet_v3_256P/Real_magnet_v3/8522.png', 'Dataset/Real_magnet_v3_256P/Real_magnet_v3/11527.png']","Analyze the provided images and identify causal relationships between the variables. Complete the causality adjacency matrix based on the identified relationships and briefly explain your conclusionsObserving the provided images. Based on the causal relathionship among the variables: needle_position_x,needle_position_y,magnetic_bar_orientation,needle_orientation in the image in the images, now, waht will happen after I slightly rotate the orientation of magnetic bar in clockwise direction in the last image?
(your answer should be return in this format first: The answer is: xx. 
Explain: xxx)
A. needle orientation rotate in clockwise direction
B. needle orientation will not change
C. needle orientation rotate in counter-clockwise direction","The answer is: A. 

Explain: From the images, it is evident that the needle aligns itself with the magnetic field. When the magnetic bar rotates clockwise, the needle's orientation tends to follow this change, also rotating clockwise to align with the new field direction.",A,C
20250127_110345,basic,"['Dataset/Real_magnet_v3_256P/Real_magnet_v3/5104.png', 'Dataset/Real_magnet_v3_256P/Real_magnet_v3/4348.png', 'Dataset/Real_magnet_v3_256P/Real_magnet_v3/9099.png', 'Dataset/Real_magnet_v3_256P/Real_magnet_v3/3144.png', 'Dataset/Real_magnet_v3_256P/Real_magnet_v3/1805.png', 'Dataset/Real_magnet_v3_256P/Real_magnet_v3/548.png', 'Dataset/Real_magnet_v3_256P/Real_magnet_v3/10005.png', 'Dataset/Real_magnet_v3_256P/Real_magnet_v3/7336.png', 'Dataset/Real_magnet_v3_256P/Real_magnet_v3/8522.png', 'Dataset/Real_magnet_v3_256P/Real_magnet_v3/11527.png']","Analyze the provided images and identify causal relationships between the variables. Complete the causality adjacency matrix based on the identified relationships and briefly explain your conclusionsObserving the provided images. Based on the causal relathionship among the variables: needle_position_x,needle_position_y,magnetic_bar_orientation,needle_orientation in the image in the images, now, waht will happen after I slightly rotate the orientation of magnetic bar in clockwise direction in the last image?
(your answer should be return in this format first: The answer is: xx. 
Explain: xxx)
A. needle orientation rotate in clockwise direction
B. needle orientation will not change
C. needle orientation rotate in counter-clockwise direction","The answer is: A. needle orientation rotate in clockwise direction

Explain: When the magnetic bar is rotated, the needle, which is influenced by the magnetic field, tends to align with the field lines. Rotating the magnetic bar clockwise will cause the needle to adjust its orientation to align with the new direction of the magnetic field, thus rotating clockwise as well.",A,C
20250127_110349,basic,"['Dataset/Real_magnet_v3_256P/Real_magnet_v3/5104.png', 'Dataset/Real_magnet_v3_256P/Real_magnet_v3/4348.png', 'Dataset/Real_magnet_v3_256P/Real_magnet_v3/9099.png', 'Dataset/Real_magnet_v3_256P/Real_magnet_v3/3144.png', 'Dataset/Real_magnet_v3_256P/Real_magnet_v3/1805.png', 'Dataset/Real_magnet_v3_256P/Real_magnet_v3/548.png', 'Dataset/Real_magnet_v3_256P/Real_magnet_v3/10005.png', 'Dataset/Real_magnet_v3_256P/Real_magnet_v3/7336.png', 'Dataset/Real_magnet_v3_256P/Real_magnet_v3/8522.png', 'Dataset/Real_magnet_v3_256P/Real_magnet_v3/11527.png']","Analyze the provided images and identify causal relationships between the variables. Complete the causality adjacency matrix based on the identified relationships and briefly explain your conclusionsObserving the provided images. Based on the causal relathionship among the variables: needle_position_x,needle_position_y,magnetic_bar_orientation,needle_orientation in the image in the images, now, waht will happen after I slightly rotate the orientation of magnetic bar in counter-clockwise direction in the last image?
(your answer should be return in this format first: The answer is: xx. 
Explain: xxx)
A. needle orientation rotate in counter-clockwise direction
B. needle orientation will not change
C. needle orientation rotate in clockwise direction","The answer is: C.

Explain: Rotating the magnetic bar counter-clockwise will cause the needle, which is influenced by the magnetic field, to align itself in a way that reduces rotational energy. This means the needle will move in the opposite direction of the magnetic bar's rotation, hence it will rotate in a clockwise direction.",C,C
20250127_110442,basic,"['Dataset/Real_magnet_v3_256P/Real_magnet_v3/5104.png', 'Dataset/Real_magnet_v3_256P/Real_magnet_v3/4348.png', 'Dataset/Real_magnet_v3_256P/Real_magnet_v3/9099.png', 'Dataset/Real_magnet_v3_256P/Real_magnet_v3/3144.png', 'Dataset/Real_magnet_v3_256P/Real_magnet_v3/1805.png', 'Dataset/Real_magnet_v3_256P/Real_magnet_v3/548.png', 'Dataset/Real_magnet_v3_256P/Real_magnet_v3/10005.png', 'Dataset/Real_magnet_v3_256P/Real_magnet_v3/7336.png', 'Dataset/Real_magnet_v3_256P/Real_magnet_v3/8522.png', 'Dataset/Real_magnet_v3_256P/Real_magnet_v3/11527.png']","Analyze the provided images and identify causal relationships between the variables. Complete the causality adjacency matrix based on the identified relationships and briefly explain your conclusionsObserving the provided images. Based on the causal relathionship among the variables: needle_position_x,needle_position_y,magnetic_bar_orientation,needle_orientation in the image in the images, now, waht will happen after I slightly rotate the orientation of magnetic bar in clockwise direction in the last image?
(your answer should be return in this format first: The answer is: xx. 
Explain: xxx)
A. needle orientation rotate in counter-clockwise direction
B. needle orientation rotate in clockwise direction
C. needle orientation will not change","The answer is: B. needle orientation rotate in clockwise direction

Explain: The needle is influenced by the magnetic field produced by the magnetic bar. When the magnetic bar is rotated clockwise, the magnetic field's orientation changes, causing the needle, which aligns itself with the magnetic field, to also rotate in a clockwise direction to align with the new orientation of the magnetic field.",B,A
20250127_110446,basic,"['Dataset/Real_magnet_v3_256P/Real_magnet_v3/5104.png', 'Dataset/Real_magnet_v3_256P/Real_magnet_v3/4348.png', 'Dataset/Real_magnet_v3_256P/Real_magnet_v3/9099.png', 'Dataset/Real_magnet_v3_256P/Real_magnet_v3/3144.png', 'Dataset/Real_magnet_v3_256P/Real_magnet_v3/1805.png', 'Dataset/Real_magnet_v3_256P/Real_magnet_v3/548.png', 'Dataset/Real_magnet_v3_256P/Real_magnet_v3/10005.png', 'Dataset/Real_magnet_v3_256P/Real_magnet_v3/7336.png', 'Dataset/Real_magnet_v3_256P/Real_magnet_v3/8522.png', 'Dataset/Real_magnet_v3_256P/Real_magnet_v3/11527.png']","Analyze the provided images and identify causal relationships between the variables. Complete the causality adjacency matrix based on the identified relationships and briefly explain your conclusionsObserving the provided images. Based on the causal relathionship among the variables: needle_position_x,needle_position_y,magnetic_bar_orientation,needle_orientation in the image in the images, now, waht will happen after I slightly rotate the orientation of magnetic bar in clockwise direction in the last image?
(your answer should be return in this format first: The answer is: xx. 
Explain: xxx)
A. needle orientation rotate in clockwise direction
B. needle orientation rotate in counter-clockwise direction
C. needle orientation will not change","The answer is: B. 

Explain: When the magnetic bar is slightly rotated clockwise, the magnetic needle, which aligns with the magnetic field, will adjust itself by rotating in a counter-clockwise direction to maintain correct orientation relative to the magnetic field.",B,B
20250127_110451,basic,"['Dataset/Real_magnet_v3_256P/Real_magnet_v3/5104.png', 'Dataset/Real_magnet_v3_256P/Real_magnet_v3/4348.png', 'Dataset/Real_magnet_v3_256P/Real_magnet_v3/9099.png', 'Dataset/Real_magnet_v3_256P/Real_magnet_v3/3144.png', 'Dataset/Real_magnet_v3_256P/Real_magnet_v3/1805.png', 'Dataset/Real_magnet_v3_256P/Real_magnet_v3/548.png', 'Dataset/Real_magnet_v3_256P/Real_magnet_v3/10005.png', 'Dataset/Real_magnet_v3_256P/Real_magnet_v3/7336.png', 'Dataset/Real_magnet_v3_256P/Real_magnet_v3/8522.png', 'Dataset/Real_magnet_v3_256P/Real_magnet_v3/11527.png']","Analyze the provided images and identify causal relationships between the variables. Complete the causality adjacency matrix based on the identified relationships and briefly explain your conclusionsObserving the provided images. Based on the causal relathionship among the variables: needle_position_x,needle_position_y,magnetic_bar_orientation,needle_orientation in the image in the images, now, waht will happen after I slightly rotate the orientation of magnetic bar in clockwise direction in the last image?
(your answer should be return in this format first: The answer is: xx. 
Explain: xxx)
A. needle orientation rotate in clockwise direction
B. needle orientation will not change
C. needle orientation rotate in counter-clockwise direction","The answer is: A.

Explain: When the magnetic bar is rotated clockwise, the needle will tend to align itself with the magnetic field. Therefore, it will also rotate clockwise to maintain alignment with the magnetic field's orientation.",A,C
20250127_110455,basic,"['Dataset/Real_magnet_v3_256P/Real_magnet_v3/5104.png', 'Dataset/Real_magnet_v3_256P/Real_magnet_v3/4348.png', 'Dataset/Real_magnet_v3_256P/Real_magnet_v3/9099.png', 'Dataset/Real_magnet_v3_256P/Real_magnet_v3/3144.png', 'Dataset/Real_magnet_v3_256P/Real_magnet_v3/1805.png', 'Dataset/Real_magnet_v3_256P/Real_magnet_v3/548.png', 'Dataset/Real_magnet_v3_256P/Real_magnet_v3/10005.png', 'Dataset/Real_magnet_v3_256P/Real_magnet_v3/7336.png', 'Dataset/Real_magnet_v3_256P/Real_magnet_v3/8522.png', 'Dataset/Real_magnet_v3_256P/Real_magnet_v3/11527.png']","Analyze the provided images and identify causal relationships between the variables. Complete the causality adjacency matrix based on the identified relationships and briefly explain your conclusionsObserving the provided images. Based on the causal relathionship among the variables: needle_position_x,needle_position_y,magnetic_bar_orientation,needle_orientation in the image in the images, now, waht will happen after I slightly rotate the orientation of magnetic bar in counter-clockwise direction in the last image?
(your answer should be return in this format first: The answer is: xx. 
Explain: xxx)
A. needle orientation rotate in clockwise direction
B. needle orientation will not change
C. needle orientation rotate in counter-clockwise direction","The answer is: A.

Explain: The needle aligns itself with the orientation of the magnetic field. If the magnetic bar is rotated counter-clockwise, the needle will compensate by rotating clockwise to maintain alignment with the magnetic field.",A,A
